[Template - empty properties are auto-detected; filled in properties override what the script guesses],,,,,,,,,
Spell Name,Principle Value,School Value,Level Value,Method Value,Delivery Value,Exclude as Quest Reward,Include if plugin present,Exclude if plugin present,Exclude if tome name is
Restoration Spell to file as Apprentice & Consuming,3,,1,,,,,,
Alteration Spell to file as Restoration instead (must specify principle and level as well!),3,4,1,,,,,,
Same as above but filed as all principles except Curing,031,4,1,,,,,,
Spell that the script detects as self delivery but we want to file it as aimed delivery,,,,,0,,,,
Spell to Exclude from Discovery but Allow Crafting,,,,,,1,,,
Spell to Exclude from Discovery and Crafting,,,,,,2,,,
[Skyrim.esm],,,,,,,,,
Flames,,,,,,0,,,
Frostbite,,,,,,0,,,
Sparks,,,,,,0,,,
Soul Trap,3,1,1,,,0,,,
Candlelight,,,,,,0,,,
Oakflesh,,,,,,0,,,
Bound Sword,,,,,,0,,,
Raise Zombie,,,,,,0,,,
Conjure Familiar,,,,,,0,,,
Fury,,,,,,0,,,
Courage,,,,,,0,,,
Lesser Ward,,,,,,0,,,
Healing,,,,,,0,,,
Magelight,,,,,,0,,,
Stoneflesh,,,,,,0,,,
Ironflesh,,,,,,0,,,
Telekinesis,,,,,,0,,,
Waterbreathing,,,,,,0,,,
Detect Life,,,,,,0,,,
Paralyze,,,,,,0,,,
Ebonyflesh,,,,,,0,,,
Detect Dead,,,,,,0,,,
Reanimate Corpse,,,,,,0,,,
Conjure Flame Atronach,,,,,,0,,,
Bound Battleaxe,,,,,,0,,,
Banish Daedra,0,1,2,,,0,,,
Conjure Frost Atronach,,,,,,0,,,
Conjure Storm Atronach,,,,,,0,,,
Bound Bow,,,,,,0,,,
Revenant,,,,,,0,,,
Command Daedra,0,1,3,,,0,,,
Dread Zombie,,,,,,0,,,
Expel Daedra,0,1,3,,,0,,,
Dead Thrall,,,,,,0,,,
Flame Thrall,,,,,,0,,,
Frost Thrall,,,,,,0,,,
Storm Thrall,,,,,,0,,,
Firebolt,,,,,,0,,,
Ice Spike,,,,,,0,,,
Lightning Bolt,,,,,,0,,,
Fire Rune,,,,,,0,,,
Frost Rune,,,,,,0,,,
Lightning Rune,,,,,,0,,,
Flame Cloak,,,,,,0,,,
Frost Cloak,,,,,,0,,,
Lightning Cloak,,,,,,0,,,
Fireball,,,,,,0,,,
Ice Storm,,,,,,0,,,
Chain Lightning,,,,,,0,,,
Wall of Flames,,,,,,0,,,
Wall of Frost,,,,,,0,,,
Wall of Storms,,,,,,0,,,
Fire Storm,,,,,,0,,,Power of the Elements
Blizzard,,,,,,0,,,
Lightning Storm,,,,,,0,,,
Muffle,,,,,,0,,,
Calm,,,,,,0,,,
Fear,,,,,,0,,,
Rally,,,,,,0,,,
Frenzy,,,,,,0,,,
Invisibility,,,,,,0,,,
Pacify,,,,,,0,,,
Rout,,,,,,0,,,
Mayhem,,,,,,0,,,
Harmony,,,,,,0,,,
Call to Arms,,,,,,0,,,
Hysteria,,,,,,0,,,
Fast Healing,,,,,,0,,,
Healing Hands,,,,,,0,,,
Turn Lesser Undead,,,,,,0,,,
Steadfast Ward,,,,,,0,,,
Turn Undead,,,,,,0,,,
Greater Ward,,,,,,0,,,
Repel Lesser Undead,,,,,,0,,,
Repel Undead,,,,,,0,,,
Heal Other,,,,,,0,,,
Circle of Protection,,,,,,0,,,
Turn Greater Undead,,,,,,0,,,
Spectral Arrow,3,1,1,,,0,,,
Flaming Familiar,,,,,,1,,,
Dragonhide,,,,,,0,,,
Grand Healing,,,,,,0,,,
Mass Paralysis,,,,,,0,,,
Bane of the Undead,,,,,,0,,,
Equilibrium,3,0,0,,,1,,,
Guardian Circle,02,4,4,,,0,,,
Clairvoyance,,,,,,0,,,
Transmute,3,0,2,,,0,,,
Close Wounds,,,,,,0,,,
Icy Spear,,,,,,0,,,
Incinerate,,,,,,0,,,
Thunderbolt,,,,,,0,,,
Conjure Dremora Lord,,,,,,0,,,
Conjure Spectral Wolf,,,,,,0,,,
Detection,,,,,,0,,,
Disable,,,,,,0,,,
Greater Corrosion,,,,,,0,,,
Banish Greater Daedra,0,1,2,,,0,,,
Annulment,0,1,4,,,0,,,
Conjure Flame Monarch,,,,,,0,,,
Conjure Frost Monarch,,,,,,0,,,
Conjure Storm Monarch,,,,,,0,,,
Sunlight Rune,0,4,1,,,0,,,
Mending,,,,,,0,,,
Purifying Light,2,4,3,,,0,,,
Conjure Flaming Familiar,,,,,,0,,,
Mutagen,2,4,3,,,0,,,
Grand Telekinesis,,,,,,0,,,
Heart of Dibella,,,,,,0,,,
Transmutation,3,0,2,,,0,,,
[Dawnguard.esm],,,,,,,,,
Vampire's Bane,,,,,,0,,,
Stendarr's Aura,,,,,,0,,,
Sun Fire,,,,,,0,,,
Conjure Boneman,12,1,1,,,1,,,
Conjure Mistman,12,1,2,,,1,,,
Conjure Wrathman,12,1,3,,,1,,,
Necromantic Healing,,,,,,0,,,
Heal Undead,,,,,,0,,,
Sunfire,,,,,,0,,,
Restoring Light,2,4,2,,,0,,,
Convalescence,,,,,,0,,,
Conjure Flame Atronach,,,,,,0,,,
Fireball,,,,,,0,,,
Calm,,,,,,0,,,
[Dragonborn.esm],,,,,,,,,
Ash Shell,12,0,2,,,0,,,
Whirlwind Cloak,13,2,2,,,0,,,
Ash Rune,12,0,3,,,0,,,
Frenzy Rune,,,,,,0,,,
Conjure Ash Guardian,02,1,3,,,1,,,
Bound Dagger,,,,,,0,,,
Poison Rune,3,4,1,,,0,,,
Conjure Seeker,,,,,,1,,,
Conjure Ash Spawn,12,1,2,,,0,,,
Ashen Grip,1,0,1,,,0,,,
[Arcanum.esp],,,,,,,,,
Enlightened Verse,3,3,4,,,0,Arcanum - Spell Filter - Include Reformulated.esp,,
Mental Vapors,2,3,1,,,0,Arcanum - Spell Filter - Include Reformulated.esp,,
Spell Pierce,2,3,1,,,0,Arcanum - Spell Filter - Include Reformulated.esp,,
Winds of Winter,,,,,,0,Arcanum - Spell Filter - Include Reformulated.esp,,
Crimson Bolt,,,,,,0,Arcanum - Spell Filter - Include Reformulated.esp,,
Abrogate,23,4,1,,,0,,,
Transfusion,,,,,,0,,,
Sol Illicitus,,,,,,0,Arcanum - Spell Filter - Include Reformulated.esp,,
Eyes of Kyne,,,,,,0,,,
Conqueror's Spirit,,,,,,1,,,
Banefire,,,,,,0,Arcanum - Spell Filter - Include Reformulated.esp,,
Crystalline Spear,,,,,,0,,,
Glorious 1nvocation,,,,,,1,,,
Distortion Flux,,,,,,0,,,
Whiteout,,,,,,0,,,
Thunderbreak,,,,,,0,,,
Immolating Glare,01,4,0,,,0,,,
Sacred Fire,,,,,,0,,,
Exalted Armament,01,4,4,,,1,,,
Vindicate,03,4,3,,,0,Arcanum - Spell Filter - Include Reformulated.esp,,
Martyrdom,,,,,,0,,,
Paragon of Justice,0,4,4,,,0,Arcanum - Spell Filter - Include Reformulated.esp,,
Scourge of Thras,3,4,4,,,0,,,
Shroud of Shadow,02,3,1,,,0,,,
Stupefy,,,,,,0,Arcanum - Spell Filter - Include Reformulated.esp,,
Damping Matrix,3,3,1,,,0,,,
Fervid Visions,123,3,0,,,0,,,
Grisly Spectacle,,,,,,0,,,
Cleansing Meditation,2,3,0,,,0,Arcanum - Spell Filter - Include Reformulated.esp,,
Primal Taunt,12,3,0,,,0,,,
Bring to Light,3,3,0,,,0,Arcanum - Spell Filter - Include Reformulated.esp,,
Ponder,3,3,0,,,0,,,
Clash of Wills,3,3,1,,,0,Arcanum - Spell Filter - Include Reformulated.esp,,
Deep Analysis,3,3,1,,,0,,,
Ignite Memories,23,3,1,,,0,Arcanum - Spell Filter - Include Reformulated.esp,,
Memory Drain,23,3,1,,,0,Arcanum - Spell Filter - Include Reformulated.esp,,
Psychosomatic Manifestation,,,,,,0,,,
Flash Step,0,3,2,,,0,,,
Hoshimachi's Comet,,,,,,0,Arcanum - Spell Filter - Include Reformulated.esp,,
Attrition,2,3,0,,,0,,,
Decree of Detention,,,,,,0,Arcanum - Spell Filter - Include Reformulated.esp,,
Twisting Tempest,,,,,,0,,,
Atonement,,,,,,0,,,
Heroic Intervention,0,4,3,,,0,Arcanum - Spell Filter - Include Reformulated.esp,,
Comet Barrage,,,,,,0,Arcanum - Spell Filter - Include Reformulated.esp,,
Avenging Blaze,0,4,1,,,0,Arcanum - Spell Filter - Include Reformulated.esp,,
Mending Warmth,,,,,,0,,,
Vital Surge,,,,,,0,,,
Unbreakable Formation,,,,,,0,,,
Light of Day,01,4,0,,,0,Arcanum - Spell Filter - Include Reformulated.esp,,
False Promise,23,4,0,,,0,,,
Celestial Purge,,,,,,0,Arcanum - Spell Filter - Include Reformulated.esp,,
Psalms of Retribution,3,4,4,,,0,,,
Blazing Soul,,,,,,0,,,
Chaos Fireball,,,,,,0,,,
Funerary Rite,03,4,0,,,0,,,
Tangled Fate,,,,,,0,Arcanum - Spell Filter - Include Reformulated.esp,,
Worldfire,,,,,,0,Arcanum - Spell Filter - Include Reformulated.esp,,
Punishing Fire,,,,,,0,,,
Induced Charge,,,,,,0,,,
Electrolyze,,,,,,0,,,
Crippling Chill,,,,,,0,,,
Resounding Thunder,,,,,,0,Arcanum - Spell Filter - Include Reformulated.esp,,
Frostpiercer,,,,,,0,,,
Frozen Maelstrom,,,,,,0,,,
Frozen Ward,,,,,,0,Arcanum - Spell Filter - Include Reformulated.esp,,
Overwhelming Odds,02,4,2,,,0,Arcanum - Spell Filter - Include Reformulated.esp,,
Soul of Winter,,,,,,0,,,
Martyr's Light,,,,,,0,Arcanum - Spell Filter - Include Reformulated.esp,,
Atomize,,,,,,0,,,
Solemn Penance,13,4,1,,,0,,,
Embermage's Fireblast,,,,,,0,Arcanum - Spell Filter - Include Reformulated.esp,,
Cauterize,,,,,,0,,,
Icy Vortex,,,,,,0,,,
Inferno Jet,,,,,,0,,,
Rimedrop,,,,,,0,,,
Frigid Gyre,,,,,,0,Arcanum - Spell Filter - Include Reformulated.esp,,
Daybreak Coronet,,,,,,0,,,
Tri-Attack,,,,,,0,,,
Eldritch Reconstruction,23,4,1,,,1,,,
Eldritch Blast,,,,,,1,,,
Malpractice,3,4,2,,,0,,,
Battlefield Suture,,,,,,0,,,
Wrath of the Gods,13,4,2,,,0,Arcanum - Spell Filter - Include Reformulated.esp,,
Caster's Sigil,,,,,,0,,,
Searing Light,,,,,,0,Arcanum - Spell Filter - Include Reformulated.esp,,
Unstable Current,,,,,,0,,,
Combustion,,,,,,0,,,
Trance of the Dovahzofaas,,,,,,1,,,
Rainbow Connection,,,,,,0,Arcanum - Spell Filter - Include Reformulated.esp,,
Overwhelming Insight,2,3,3,,,0,Arcanum - Spell Filter - Include Reformulated.esp,,
Memento Mori,,,,,,0,Arcanum - Spell Filter - Include Reformulated.esp,,
Relentless Precision,2,3,2,,,0,,,
Vow of Silence,3,3,4,,,0,,,
Tendrils of Agony,12,3,4,,,1,,,
Ceaseless Torment,,,,,,0,,,
Scapegoat,12,3,4,,,0,,,
Mystic Marksmanship,2,3,4,,,0,,,
Force of Will,3,3,4,,,0,,,
Spark of the Master,2,3,4,,,0,Arcanum - Spell Filter - Include Reformulated.esp,,
Ageless Insight,3,3,4,,,0,,,
Thought Reflection,3,3,3,,,0,,,
Spotter's Strix,2,3,3,,,0,,,
Mesmeric Orb,,,,,,0,,,
Hymn of Anguish,3,3,3,,,0,,,
Psychic Intrusion,13,3,3,,,0,,,
Expropriate,,,,,,0,,,
Cryptic Command,3,3,3,,,0,,,
Unbroken Focus,3,3,2,,,0,,,
Countermand,3,3,2,,,0,,,
Delusive Smokescreen,,,,,,0,,,
Spiteful Mirage,2,3,2,,,0,,,
Mind Twist,,,,,,0,,,
Magicka Flare,,,,,,0,,,
Static Orb,,,,,,0,,,
Overload,,,,,,0,,,
Gelid Gale,,,,,,0,,,
Radiant Helix,,,,,,0,,,
Gnosis,23,4,2,,,0,,,
Spellshot Repeater,2,3,1,,,0,,,
Rest the Dead,03,4,2,,,0,Arcanum - Spell Filter - Include Reformulated.esp,,
Ire of Jhunal,,,,,,0,Arcanum - Spell Filter - Include Reformulated.esp,,
Hive Mind,23,3,3,,,0,Arcanum - Spell Filter - Include Reformulated.esp,,
Fool's Wisdom,2,3,3,,,0,Arcanum - Spell Filter - Include Reformulated.esp,,
Hymn of Despair,2,3,3,,,0,Arcanum - Spell Filter - Include Reformulated.esp,,
Thief's Gambit,02,3,3,,,0,Arcanum - Spell Filter - Include Reformulated.esp,,
Rite of Flame,,,,,,0,Arcanum - Spell Filter - Include Reformulated.esp,,
Blaze of Glory,,,,,,0,Arcanum - Spell Filter - Include Reformulated.esp,,
Glacial Ray,,,,,,0,,,
Sutra of Perseverance,12,4,4,,,0,,,
Reckoning,23,4,4,,,0,,,
Second Chance,12,4,4,,,0,,,
Metastasize,3,4,3,,,0,,,
Avowed Sword,0,4,4,,,0,,,
Binding Hieromancy,1,4,3,,,0,Arcanum - Spell Filter - Include Reformulated.esp,,
Twinbolt,,,,,,0,Arcanum - Spell Filter - Include Reformulated.esp,,
Magus Dart,,,,,,0,,,
Warstorm Ward,,,,,,0,,,
Tri-Disaster,,,,,,0,Arcanum - Spell Filter - Include Reformulated.esp,,
Sunlight Spear,0,4,4,,,0,Arcanum - Spell Filter - Include Reformulated.esp,,
Great Lightning Spear,0,4,3,,,0,Arcanum - Spell Filter - Include Reformulated.esp,,
Boiling Earth,,,,,,0,,,
Thunderaze,,,,,,0,Arcanum - Spell Filter - Include Reformulated.esp,,
Icy Cannonade,,,,,,0,Arcanum - Spell Filter - Include Reformulated.esp,,
Sol Invictus,,,,,,0,,,
Detention Sphere,12,4,2,,,0,Arcanum - Spell Filter - Include Reformulated.esp,,
Resplendence,12,4,2,,,0,,,
Anima Blast,23,4,2,,,0,,,
Hydroblast,,,,,,0,Arcanum - Spell Filter - Include Reformulated.esp,,
Pyroblast,,,,,,0,Arcanum - Spell Filter - Include Reformulated.esp,,
Chaos Tempest,,,,,,0,Arcanum - Spell Filter - Include Reformulated.esp,,
Redeemer's Shield,,,,,,0,,,
Supreme Verdict,,,,,,0,Arcanum - Spell Filter - Include Reformulated.esp,,
Torrid Therapy,23,4,1,,,0,,,
Countersquall,3,3,2,,,0,Arcanum - Spell Filter - Include Reformulated.esp,,
Consecrated Blade,0,4,1,,,0,,,
Timely Reinforcements,1,4,1,,,0,Arcanum - Spell Filter - Include Reformulated.esp,,
Glorious Invocation,,,,,,1,,,
Bile Blight,1,1,0,,,0,,,
Vault of the Valkynaz,3,1,4,,,0,,,
Unleash Archon,0,1,4,,,0,,,
Conjure Oblivion Gate,0,1,4,,,0,,,
Kynreeve Swordstorm,3,1,3,,,0,,,
Song of the Damned,1,1,3,,,0,,,
Chorus of Woe,1,1,3,,,0,,,
Atronach Binding,3,1,3,,,0,,,
Necrotic Ooze,1,1,2,,,0,,,
Essence Extraction,1,1,2,,,0,,,
Dark Bargain,012,1,2,,,0,,,
Crystallize Soul,3,1,2,,,0,,,
Vigor Mortis,1,1,1,,,0,,,
Altar's Reap,01,1,1,,,0,,,
Daedric Resonance,03,1,1,,,0,,,
Betrayal of Flesh,1,1,1,,,0,,,
Ritualist's Circle,012,1,0,,,0,,,
Morbid Obsession,1,1,0,,,0,,,
Brand of Condemnation,0,4,3,,,0,,,
Alabaster Accord,2,4,1,,,0,,,
Hysterical Blindness,0,3,0,,,0,,,
Pain Magnification,2,3,1,,,0,,,
Harsh Lesson,2,3,0,,,0,,,
Mind's Desire,1,3,4,,,0,,,
Bound Demonblade,,,,,,0,,,
Army of Darkness,,,,,,0,,,
Aberrent Opus,,,,,,0,,,
Conjure Lord of the Pit,,,,,,0,,,
Conjure Howlpack Alpha,,,,,,0,,,
Fires of Undeath,,,,,,0,,,
Conjure Soulforge Sculptor,,,,,,0,,,
Conjure Mindwrack Spider,,,,,,0,,,
Bound Dagon's Crescent,,,,,,0,,,
Conjure Riekling Tribesire,,,,,,0,,,
Conjure Death's Shadow,2,1,1,,,0,,,
Conjure Sorrowblade,,,,,,0,,,
Bound Ceremonial Dagger,,,,,,0,,,
Conjure Putrid Imp,,,,,,0,,,
Bound Tomahawk,,,,,,0,,,
Lightning Tether,,,,,,0,,,
Luminous Edict,02,4,3,,,0,,,
Rapturous Trance,,,,,,0,,,
Infiltration Charm,,,,,,0,,,
Divine Pardon,2,4,0,,,0,,,
Righteous Authority,02,4,2,,,0,,,
Intrepid Heroism,,,,,,0,,,
Oblivion Rift,012,1,0,,,0,,,
Aedric Wind,02,4,3,,,0,,,
Hallowed Sanctuary,02,4,2,,,0,,,
Thundershot Barrage,2,3,4,,,0,Arcanum - Spell Filter - Include Reformulated.esp,,
Sparkshot Repeater,2,3,2,,,0,Arcanum - Spell Filter - Include Reformulated.esp,,
Collective Defiance,2,3,4,,,0,Arcanum - Spell Filter - Include Reformulated.esp,,
Adaptive Shield,,,,,,2,,,
Lightning Spear,0,4,1,,,0,Arcanum - Spell Filter - Include Reformulated.esp,,
Ancient Invocation,,,,,,2,,,
[Apocalypse - Magic of Skyrim.esp],,,,,,,,,
Compelling Whispers,1,3,2,,,0,,,
Evil Twin,2,3,2,,,0,,,
Thoughtsteal,3,3,1,,,0,,,
Mind Vision,3,3,1,,,0,,,
Third Era Apocalypse,,,,,,2,,,
Illusory Flames,,,,,,0,,,
Backlash,3,3,1,,,0,,,
Shared Trauma,2,3,1,,,0,,,
Curse of the Silent,3,3,1,,,0,,,
Ghostwalk,,,,,,0,,,
Dispel Magic,3,3,0,,,0,,,
Twister,,,,,,0,,,
Cyclonic Rift,,,,,,0,,,
Frozen Orb,,,,,,0,,,
Flamestrike,,,,,0,0,,,
Fingers of the Mountain,,,,,,0,,,
Apocalypse,012,2,4,,,0,,,
Bombardment,,,,,,0,,,
Shock Nova,,,,,,0,,,
Lightning Strike,,,,,,0,,,
Shattering Crystal,,,,,,0,,,
Sleet Storm,,,,,,0,,,
Scorching Hands,,,,,,0,,,
Scattershock,,,,,,0,,,
Incendiary Flow,,,,,,0,,,
Ice Shiv,,,,,,0,,,
Frost Nova,,,,,,0,,,
Electrosphere,,,,,,0,,,
Bolide,,,,,,0,,,
Rift Bolt,,,,,,0,,,
Thundercrack,,,,,,0,,,
Firebloom,,,,,,2,,,
Inferno,,,,,,0,,,
Fracture,,,,,,0,,,
Creeping Cold,,,,,,0,,,
Dragon's Teeth,,,,,,0,,,
Hailstone,,,,,,0,,,
Crackle,,,,,,0,,,
Necrowitch,1,1,4,,,0,,,
Conjure Craftlord,,,,,,0,,,
Conjure Nether Lich,,,,,,0,,,
Conjure Lord of Bindings,,,,,,0,,,
Conjure Dremora Assassin,,,,,,0,,,
Banish Living,2,1,4,,,0,,,
Conjure Dremora Mentor,0,1,4,,,0,,,
Oathbound Guardian,,,,,,0,,,
Conjure Xivilai Lord,,,,,,0,,,
Conjure Herne,,,,,,0,,,
Conjure Dremora Honor Guard,,,,,,0,,,
Conjure Dremora Champion,,,,,,0,,,
Summoning Rune,2,1,2,,,0,,,
Corpse Explosion,13,1,2,,,0,,,
Daedric Crescent,3,1,2,,,0,,,
Conjure Xivilai Sorcerer,,,,,,0,,,
Conjure Lich,,,,,,0,,,
Conjure Dremora Pit Fighter,,,,,,0,,,
Conjure Cat Totem,,,,,,0,,,
Power of the Master,3,1,1,,,0,,,
Conjure Deadeye Captain,,,,,,0,,,
Conjure Dremora Churl,,,,,,0,,,
Soul Cloak,3,1,1,,,0,,,
Atronach Mark,3,1,1,,,0,,,
Consuming Power,23,1,0,,,0,,,
Conjure Avenging Wraith,,,,,,0,,,
Thrumming Stone,12,0,4,,,0,,,
Hethoth's Grimoire,1,0,4,,,0,,,
Milestones,3,0,4,,,0,,,
Wind Running,2,0,4,,,0,,,
Malviser's Gauntlet,,,,,,0,,,
Acceleration Rune,2,0,4,,,0,,,
Knowledge is Power,3,0,3,,,0,,,
Fabricate Object,1,0,3,,,0,,,
Detonate Lock,2,0,3,,,0,,,
Tumble Magnet,12,0,3,,,0,,,
Deep Storage,13,0,3,,,0,,,
Tharn's Prison,1,0,2,,,0,,,
Spell Twine,3,0,2,,,0,,,
Locate Object,3,0,2,,,0,,,
Thundering Hooves,0,0,2,,,0,,,
Undermine,02,0,2,,,0,,,
Strength of Earth,02,0,2,,,0,,,
Wither,0,0,1,,,0,,,
Reynos' Fins,,,,,,0,,,
Ocato's Recital,3,0,1,,,0,,,
Perilous Path,12,0,1,,,0,,,
Drop Zone,2,0,1,,,0,,,
Raise Wall,1,0,1,,,0,,,
Longstride,,,,,,0,,,
Alarm,3,0,0,,,0,,,
Loot Magnet,,,,,,2,,,
Hemorrhage,,,,,,2,,,
Heart of Thorns,,,,,,2,,,
Pyroclasm,,,,,,2,,,
Conjure Gateway Wraith,,,,,,2,,,
Daedric Mind,,,,,,2,,,
Conjure Spirit Cat,,,,,,2,,,
Biorhythm,,,,,,2,,,
Circle of Glory,,,,,,2,,,
Withershins,,,,,,2,,,
Defy Death,,,,,,2,,,
Culling Rune,,,,,,2,,,
Bone Storm,,,,,,2,,,
Hallowed Weapon,,,,,,2,,,
Deliver Unto Vaermina,,,,,,2,,,
Carbonize,,,,,,2,,,
Ride the Lightning,,,,,,2,,,
Mark and Recall,,,,,,2,,,
Natural Barrier,,,,,,2,,,
Grace of Water,,,,,,2,,,
Valkyrie's Embrace,,,,,,2,,,
Death March,,,,,,2,,,
Devastate,,,,,,2,,,
Tremble,,,,,,2,,,
Rampage,,,,,,2,,,
Resurrection,,,,,,2,,,
Geas Rune,,,,,,2,,,
Skull Trap,,,,,,2,,,
Bond of Summoning,,,,,,2,,,
Flames of Oblivion,,,,,,2,,,
Teleport,,,,,,2,,,
Lodesphere,,,,,,2,,,
Hold,,,,,,2,,,
Life's Finale,3,4,4,,,0,,,
Godform,2,4,4,,,0,,,
Wild Healing,,,,,,0,,,
Spectral Warband,2,3,4,,,0,,,
Pull From Eternity,2,3,4,,,0,,,
Pale Shadow,2,3,0,,,0,,,
Static Dome,,,,,,0,,,
Howling Blast,,,,,,0,,,
Unbound Fire,,,,,,0,,,
Conjure Battlemage,,,,,,0,,,
Conjure Kyrkrim,02,1,4,,,0,,,
Azure Reconstruction,23,1,0,,,0,,,
Sotha's Maelstrom,0,0,4,,,0,,,
Control Weather,3,0,4,,,0,,,
Prepare for Adventure,1,0,0,,,0,,,
Battletide,0,0,4,,,0,,,
Wyrd,2,3,4,,,0,,,
Conjure Weeping Daedra,,,,,,0,,,
Forbidden Sun,,,,,,0,,,
Meridia's Wrath,0,4,4,,,0,,,
Conjure Bear Totem,,,,,,0,,,
Talons of Nirn,2,0,4,,,0,,,
Volcano,,,,,,0,,,
Bloodseeker,23,4,4,,,0,,,
Hidden Cobra,2,3,4,,,0,,,
Entomb,23,0,3,,,0,,,
King's Heart,12,4,4,,,0,,,
Infinite Light,,,,,,0,,,
Dust To Dust,0,4,4,,,0,,,
Worm Shroud,3,4,4,,,0,,,
Circle of Death,3,4,4,,,0,,,
Breath of Arkay,,,,,,0,,,
Decompose,3,4,3,,,0,,,
Healing Blossom,,,,,,0,,,
Nature's Balance,23,4,3,,,0,,,
Resurgence,12,4,3,,,0,,,
Blood Boil,3,4,3,,,0,,,
Channel Energies,12,4,3,,,0,,,
Sealed Resolve,1,4,2,,,0,,,
Ruin,13,4,2,,,0,,,
Tree Rings,1,4,2,,,0,,,
Horrid Wilting,3,4,2,,,0,,,
Finger of Death,3,4,2,,,0,,,
Circle of the Moons,3,4,2,,,0,,,
Slay Living,3,4,1,,,0,,,
Necroplague,3,4,1,,,0,,,
Mystic Wind,2,4,4,,,0,,,
Leech Seed,3,4,1,,,0,,,
Lamb of Mara,13,4,1,,,0,,,
Welling Blood,3,4,1,,,0,,,
Circle of Strength,3,4,0,,,0,,,
Bone Spirit,0,4,0,,,0,,,
Last Word,3,3,4,,,0,,,
Shroudwalk,0,3,4,,,0,,,
Scream of Pain,2,3,4,,,0,,,
Harrowing Dirge,2,3,4,,,0,,,
Mirror Entity,2,3,4,,,0,,,
Magicka Void,23,3,4,,,0,,,
Vanish,01,3,3,,,0,,,
Seidstone,2,3,3,,,0,,,
Enslave the Weak,,,,,,0,,,
Mind Control,,,,,,0,,,
Empathic Agony,2,3,3,,,0,,,
Mimic's Cloak,3,3,3,,,0,,,
Shadowbond,0,3,2,,,0,,,
Illusory Pyre,,,,,,0,,,
Blood for Blood,2,3,2,,,0,,,
Figment of Pain,2,3,2,,,0,,,
[Cosmic Spells.esp],,,,,,,,,
Gravitether,,,,,,0,,,
Graviton Sphere,,,,,,0,,,
Eden Grid,,,,,,0,,,
Umbral Barrage,,,,,,0,,,
Collapsar,,,,,,0,,,
Prismatic Beam,,,,,,0,,,
Luminous Crescent,,,,,,0,,,
Sentinel,,,,,,0,,,
Plasma Bolt,,,,,,0,,,
Rapture,,,,,,0,,,
First Light,,,,,,0,,,
Starstorm,,,,,,0,,,
Cosmic Gale,,,,,,0,,,
Stellar Birth,,,,,,0,,,
Lightspeed,,,,,,0,,,
Umbral Orb,,,,,,0,,,
Event Horizon,,,,,,0,,,
Voidharmonics,,,,,,0,,,
[Starlight_Starbright.esp],,,,,,,,,
Starlight,,,,,,0,,,
[PsijicTeleportSpells.esp],,,,,,,,,
Shadowdance,,,,,,2,,,
Power Blink,,,,,,2,,,
Shadowstep,3,0,1,,,0,,,
Omnipresence,3,0,4,,,0,,,
Blink,3,0,2,,,0,,,
Teleport,3,0,3,,,0,,,
[Magistrate Levitate.esp],,,,,,,,,
Levitate,2,0,3,,,0,,,
[Blessed Magic.esp],,,,,,,,,
Release Soul,3,1,2,,,0,,,
Purify Soul Gem,3,1,2,,,0,,,
[Cutting Room Floor.esp],,,,,,,,,
Circle of Vitality,,,,,,0,,,
Fade Other,,,,,,0,,,
[Thunderchild - Epic Shout Package.esp],,,,,,,,,
Unyielding Storm,,,,,,2,,,
[Tomebound.esp],,,,,,,,,
Shock Wave,,,,,,0,,,
Fire Surge,,,,,,0,,,
Ice Surge,,,,,,0,,,
Lightning Surge,,,,,,0,,,
Flame Barrage,,,,,0,0,,,
Ice Barrage,,,,,0,0,,,
Shock Barrage,,,,,0,0,,,
Burden,,,,,,0,,,
Flame Wave,,,,,,0,,,
Lightning Blow,,,,,,0,,,
Artic Blow,,,,,,0,,,
Scorching Blow,,,,,,0,,,
Lightning Grasp,,,,,,0,,,
Winter's Grasp,,,,,,0,,,
Fiery Grasp,,,,,,0,,,
Weakness to Shock,2,2,1,,,0,,,
Weakness to Frost,1,2,1,,,0,,,
Weakness to Fire,0,2,1,,,0,,,
Electric Touch,,,,,,0,,,
Frost Touch,,,,,,0,,,
Flame Touch,,,,,,0,,,
Shocking Touch,,,,,,0,,,
Pacify Rune,,,,,,0,,,
Cold Touch,,,,,,0,,,
Burning Touch,,,,,,0,,,
Recall,2,1,2,,,0,,,
Spellsip,3,1,1,,,0,,,
Spelldrink,3,1,3,,,0,,,
Slowfall,2,0,0,,,0,,,
Ragefire,,,,,,0,,,
Rout Rune,,,,,,0,,,
Eminent Ward,,,,,,0,,,
Lightning Form,,,,,,0,,,
Frozen,1,2,3,,,0,,,
Open Expert Lock,2,0,3,,,0,,,
Open Adept Lock,2,0,2,,,0,,,
Open Apprentice Lock,2,0,1,,,0,,,
Open Novice Lock,2,0,0,,,0,,,
Planewalk Lighthouse,2,1,3,,,0,,,
Planewalk Stendarr's Beacon,2,1,3,,,0,,,
Planewalk Icey Outpost,2,1,3,,,0,,,
Planewalk Bthardamz,2,1,3,,,0,,,
Planewalk Secluded Camp,2,1,3,,,0,,,
Planewalk Old Hroldan,2,1,2,,,0,,,
Planewalk Old Shack,2,1,2,,,0,,,
Conjure Draugr Thrall,,,,,,0,,,
Planewalk Karthwasten,2,1,2,,,0,,,
Planewalk Kynesgrove,2,1,1,,,0,,,
Planewalk Wayward Pass,2,1,1,,,0,,,
Planewalk Whitewatch,2,1,1,,,0,,,
Conjure Draugr Scourge,,,,,,0,,,
Conjure Draugr Wretch,,,,,,0,,,
Conjure Tormented Draugr,,,,,,0,,,
Planewalk Sarethi Farm,2,1,0,,,0,,,
Planewalk Riverwood,2,1,0,,,0,,,
Silence,3,3,3,,,0,,,
Hush,3,3,2,,,0,,,
Resist Magic,,,,,,0,,,
Ease Burden,0,0,1,,,0,,,
Stoneflesh Other,,,,,,0,,,
Hinder,,,,,,0,,,
Conjure Death Hound,,,,,,0,,,
Oakflesh Other,,,,,,0,,,
Frost Wave,,,,,,0,,,
Conjure Skeleton Archer,,,,,,0,,,
Conjure Skeleton Mage,,,,,,0,,,
Flame Shell,0,0,1,,,0,,,
Absorb Illusion,3,4,0,,,0,,,
Conjure Skeleton Bowman,,,,,,0,,,
Conjure Corrupted Shade,,,,,,0,,,
Absorb Sneak,3,4,3,,,0,,,
Absorb Destruction,3,4,3,,,0,,,
Absorb Two-Handed,3,4,3,,,0,,,
Absorb One-Handed,3,4,3,,,0,,,
Absorb Archery,3,4,2,,,0,,,
Absorb Heavy Armor,3,4,2,,,0,,,
Absorb Conjuration,3,4,2,,,0,,,
Absorb Block,3,4,2,,,0,,,
Absorb Alteration,3,4,2,,,0,,,
Absorb Restoration,3,4,1,,,0,,,
Absorb Speechcraft,3,4,1,,,0,,,
Absorb Light Armor,3,4,1,,,0,,,
Absorb Hand To Hand,3,4,1,,,0,,,
Absorb Lockpicking,3,4,0,,,0,,,
Mark,2,1,2,,,0,,,
Night Eye,3,3,0,,,0,,,
Inspiration,,,,,,0,,,
Wrath,,,,,,0,,,
Terror,,,,,,0,,,
Serenity,,,,,,0,,,
Shroud,,,,,,0,,,
Bravery,,,,,,0,,,
Rage,,,,,,0,,,
Fright,,,,,,0,,,
Soothe,,,,,,0,,,
Vampiric Strain,,,,,,0,,,
Vampiric Veil,,,,,,0,,,
Vampiric Leech,,,,,,0,,,
Scourge Living,3,4,3,,,0,,,
Plague Life,,,,,,0,,,
Blight Living,3,4,1,,,0,,,
Infect Life,,,,,,0,,,
Noxious Poison,,,,,,0,,,
Poison Cloak,,,,,,0,,,
Weakness to Poison,3,4,1,,,0,,,
Foul Poison,,,,,,0,,,
Poison,,,,,,0,,,
Soul Split,3,1,3,,,0,,,
Drain Souls,3,1,2,,,0,,,
Soul Siphon,3,1,0,,,0,,,
Conjure Honed Familiar,,,,,,0,,,
Conjure Potent Familiar,,,,,,0,,,
Conjure Strong Familiar,,,,,,0,,,
Conjure Dremora Warlock,,,,,,0,,,
Conjure Ghost,,,,,,0,,,
Conjure Skeleton Hero,,,,,,0,,,
Conjure Skeleton Guardian,,,,,,0,,,
Conjure Skeleton Minion,,,,,,0,,,
Conjure Skeleton,,,,,,0,,,
Mesmerize,1,3,3,,,0,,,
Seduce,1,3,2,,,0,,,
Charm,1,3,1,,,0,,,
Cure Disease,2,4,2,,,0,,,
Cure Poison,2,4,1,,,0,,,
Dispel,02,4,0,,,0,,,
Lightning Wall,0,0,3,,,0,,,
Glacial Wall,0,0,3,,,0,,,
Fire Wall,0,0,3,,,0,,,
Pack Mule,0,0,3,,,0,,,
Ebonyflesh Other,,,,,,0,,,
Oppress,,,,,,0,,,
Shock Shield,0,0,2,,,0,,,
Ice Shield,0,0,2,,,0,,,
Fire Shield,0,0,2,,,0,,,
Lighten Load,0,0,2,,,0,,,
Ironflesh Other,,,,,,0,,,
Encumber,,,,,,0,,,
Waterwalking,,,,,,0,,,
Shock Shell,0,0,1,,,0,,,
Frost Shell,0,0,1,,,0,,,
Salve Self,,,,,,0,,,
Revive Self,,,,,,0,,,
Rejuvenate Self,,,,,,0,,,
Remedy Self,,,,,,0,,,
Conjure Lich,,,,,,0,,,
Conjure Skeleton Warlock,,,,,,0,,,
Conjure Wispmother,,,,,,0,,,
[MysticismMagic.esp],,,,,,,,,
Sheer Venom,3,4,4,,,0,,,
Paralysis,,,,,,0,,,
Freezing Grasp,,,,,,0,,,
Lightning Shield,0,0,4,,,0,,,
Flame Shield,0,0,4,,,0,,,
Venomfang,3,4,4,,,0,,,
Ice Shield,0,0,4,,,0,,,
Damage Weapon,0,0,1,,,0,,,
Repulsion Rune,0,4,3,,,0,,,
Dire Enervation,,,,,,0,,,
Death's Wind,3,4,4,,,0,,,
Daybreak,,,,,,0,,,
Electrocute,,,,,,0,,,
Flash Freeze,,,,,,0,,,
Scorch,,,,,,0,,,
Arkay's Light,2,4,4,,,0,,,
Black Marsh,3,4,4,,,1,,,
Sword Breaker,0,0,4,,,1,,,
Sigil of the Scion,,,,,,0,,,
Entropic Rune,,,,,,0,,,
Entropic Grasp,,,,,,0,,,
Corrosion Rune,,,,,,0,,,
Disintegration Rune,0,0,3,,,0,,,
Wall of Sunlight,0,4,3,,,0,,,
Virulence,,,,,,0,,,
Blur,0,3,1,,,0,,,
Hand of Sithis,,,,,,0,,,
Wall of Poison,3,4,3,,,0,,,
Circle of Sunlight,,,,,,0,,,
Venom Spray,3,4,2,,,0,,,
Poison Spray,3,4,0,,,0,,,
Radiant Sunlight Rune,,,,,,0,,,
Sigil of the Dawn,,,,,,0,,,
Death Field,,,,,,0,,,
Viperbolt,3,4,4,,,0,,,
Withering Blast,,,,,,0,,,
Withering Bolt,,,,,,0,,,
Windwalker,,,,,,0,,,
Haste,2,3,3,,,0,,,
Soulshine,,,,,,0,,,
Feather,0,0,1,,,0,,,
Black Winter,0,0,3,,,0,,,
Damage Construct,2,0,1,,,0,,,
Finger of the Mountain,,,,,,0,,,
Shock Shell,0,0,2,,,0,,,
Throat of the World,,,,,,0,,,
Bone Sap,,,,,,0,,,
Sunbeam,,,,,,0,,,
Domination,,,,,,0,,,
Scaleskin,0,0,1,,,0,,,
Vanish,,,,,,0,,,
Venom Shield,,,,,,0,,,
Fear Rune,,,,,,0,,,
Conjure Corrupted Sharpshooter,,,,,,0,,,
Overload,0,0,3,,,0,,,
Conjure Dremora Warlock,,,,,,0,,,
Windrunner,,,,,,0,,,
Ash Shard,1,0,2,,,0,,,
Greater Frost Rune,,,,,,0,,,
Stoneskin,0,0,2,,,0,,,
Withering Grasp,,,,,,0,,,
Withering Touch,,,,,,0,,,
Conjure Dremora Warrior,,,,,,0,,,
Conjure Spectral Steed,,,,,,0,,,
Magicka Vortex,0,0,4,,,1,,,
Cinder Storm,1,0,4,,,0,,,
Breath of Kyne,,,,,,0,,,
Radiant Sunbeam,,,,,,0,,,
Beast of Burden,0,0,4,,,0,,,
Mesmerize,1,3,4,,,0,,,
Reversal,2,3,2,,,0,,,
Deconstruction,2,0,4,,,0,,,
Banish Daedra,0,1,1,,,0,,,
Steelskin,0,0,3,,,0,,,
Quicksilver,2,3,4,,,0,,,
Regeneration,2,4,1,,,0,,,
Conjure Spectral Manbeast,,,,,,0,,,
Widowmaker,,,,,,0,,,
Shacklebreaker,,,,,,0,,,
Frozen Lance,,,,,,0,,,
Conjure Dwarven Centurion,,,,,,0,,,
Conjure Ancestral Assassin,2,1,4,,,0,,,
Conjure Ash Husk,,,,,,0,,,
Conjure Lesser Lurker,,,,,,0,,,
Conjure Corrupted Sorcerer,,,,,,0,,,
Conjure Skeleton Colossus,,,,,,0,,,
Ancestral Intervention,2,1,3,,,0,,,
Greater Bound Bow,,,,,,0,,,
Greater Bound Battleaxe,,,,,,0,,,
Conjure Dwarven Sphere,,,,,,0,,,
Conjure Ancestral Wizard,2,1,3,,,0,,,
Conjure High Seeker,,,,,,0,,,
Magicka Veil,0,0,4,,,0,,,
Conjure Skeleton Warrior,,,,,,0,,,
Buoyancy,,,,,,0,,,
Fire Surge,,,,,,0,,,
Conjure Spectral Bear,,,,,,0,,,
Greater Bound Dagger,,,,,,0,,,
Greater Bound Sword,,,,,,0,,,
Conjure Dwarven Spider,,,,,,0,,,
Conjure Ancestral Guardian,2,1,2,,,0,,,
Conjure Corrupted Soldier,,,,,,0,,,
Conjure Skeleton Mage,,,,,,0,,,
Conjure Dremora Archer,,,,,,0,,,
Conjure Spectral Sabre Cat,,,,,,0,,,
Conjure Corrupted Shade,,,,,,0,,,
Conjure Skeleton Archer,,,,,,0,,,
Poison Shell,,,,,,0,,,
Conjure Spectral Dire Wolf,,,,,,0,,,
Conjure Skeleton,,,,,,0,,,
Hurricane,02,0,4,,,0,,,
Transmute Ore: Gold,3,0,3,,,0,,,
Open Expert Lock,2,0,3,,,0,,,
Destroy Construct,2,0,3,,,0,,,
Ebonarm,0,0,4,,,0,,,
Serenity,,,,,,0,,,
Hypnotize,,,,,,0,,,
Wrath,,,,,,0,,,
Rage,,,,,,0,,,
Quiet,,,,,,0,,,
Panic,,,,,,0,,,
Reflective Light,,,,,,0,,,
Solar Flare,,,,,,0,,,
Damage Armor,,,,,,0,,,
Disintegrate Weapon,0,0,2,,,0,,,
Tears of Mara,2,4,4,,,0,,,
Hoarfrost,,,,,,0,,,
Hailstorm,,,,,,0,,,
Sunder Soul,,,,,,0,,,
Mind of Magnus,,,,,,0,,,
Spirit Siphon,,,,,,0,,,
Siphon Magicka,,,,,,2,,,
Drain Life,,,,,,0,,,
Siphoning Blast,,,,,,0,,,
Siphoning Bolt,,,,,,0,,,
Siphoning Grasp,,,,,,0,,,
Siphoning Touch,,,,,,0,,,
Sap Stamina,,,,,,0,,,
Sap Essence,,,,,,0,,,
Life Steal,,,,,,0,,,
Lamae's Embrace,,,,,,0,,,
Entropic Blast,,,,,,0,,,
Leech,,,,,,0,,,
Seduce,1,3,3,,,0,,,
Paralysis Rune,,,,,,0,,,
Silence Rune,,,,,,0,,,
Control,,,,,,0,,,
Mute,1,3,3,,,0,,,
Weight of the World,,,,,,0,,,
Command,,,,,,0,,,
Chameleon,0,3,1,,,0,,,
Lightning Surge,,,,,,0,,,
Hush,,,,,,0,,,
Shalidor's Shield,,,,,,0,,,
Cure,2,4,2,,,0,,,
Sunlight Surge,,,,,,0,,,
Cleanse,3,4,1,,,0,,,
Grand Healing,,,,,,0,,,
Rapid Regeneration,2,4,2,,,0,,,
Mercy of Stendarr,,,,,,0,,,
Augur of Aetherius,12,4,4,,,0,,,
Grand Ward,,,,,,0,,,
Healing Light,2,4,1,,,0,,,
Balance,0,0,4,,,1,,,
Greater Fire Rune,,,,,,0,,,
Venom Veins,,,,,,0,,,
Lightning Form,0,0,4,,,0,,,
Winterborn,0,0,4,,,0,,,
Firewalker,0,0,4,,,0,,,
Encumber,,,,,,0,,,
Pack Mule,0,0,3,,,0,,,
Slowfall,0,0,2,,,0,,,
Disable Construct,2,0,2,,,0,,,
Weakness to Shock,0,0,3,,,0,,,
Weakness to Frost,0,0,3,,,0,,,
Weakness to Fire,0,0,3,,,0,,,
Lighten Load,0,0,2,,,0,,,
Frost Shell,0,0,2,,,0,,,
Ice Surge,,,,,,0,,,
Greater Lightning Rune,,,,,,0,,,
Charged Nova,,,,,,0,,,
Sunburst,,,,,,0,,,
Radiant Grasp,,,,,,0,,,
Sunlight Touch,,,,,,0,,,
Poison Bloom,3,4,4,,,0,,,
Poison Cloud,3,4,2,,,0,,,
Poison Cloak,3,4,2,,,0,,,
Deadly Poisonbolt,3,4,3,,,0,,,
Poisonbolt,3,4,1,,,0,,,
Venomous Grasp,3,4,3,,,0,,,
Poisonous Touch,3,4,1,,,0,,,
Deadly Poison Rune,3,4,3,,,0,,,
Enemies Explode,,,,,,0,,,
Blazing Spear,,,,,,0,,,
Fiery Grasp,,,,,,0,,,
Shocking Grasp,,,,,,0,,,
Greater Sparks,,,,,,0,,,
Greater Frostbite,,,,,,0,,,
Greater Flames,,,,,,0,,,
Entropic Bolt,,,,,,0,,,
Entropic Touch,,,,,,0,,,
Entropic Wave,,,,,,0,,,
Static Touch,,,,,,0,,,
Chilling Touch,,,,,,0,,,
Burning Touch,,,,,,0,,,
Greater Telekinesis,,,,,,0,,,
Ash Cloud,1,0,3,,,0,,,
Immobilize,,,,,,0,,,
Boundless Storm,,,,,,0,,,
Stormblast,,,,,,0,,,
Flames of Oblivion,,,,,,0,,,
Mark,3,0,3,,,0,,,
Reflection,2,3,3,,,0,,,
Command Rune,,,,,,0,,,
Calm Rune,,,,,,0,,,
Nighteye,3,3,1,,,0,,,
Charm,1,3,2,,,0,,,
Divine Body,12,4,3,,,0,,,
Greater Attunement,12,4,2,,,0,,,
Attunement,12,4,1,,,0,,,
Grand Repulsion,,,,,,0,,,
Mark of Flame,0,0,4,,,0,,,
Armor Eater,,,,,,0,,,
Poison Surge,3,4,2,,,0,,,
Open Adept Lock,2,0,2,,,0,,,
Open Apprentice Lock,2,0,1,,,0,,,
Open Novice Lock,2,0,0,,,0,,,
Sea Stride,3,0,2,,,0,,,
Greater Disintegration,0,0,3,,,0,,,
Corrode Armor,,,,,,0,,,
Weakness to Poison,,,,,,0,,,
Burden,,,,,,0,,,
Hinder,,,,,,0,,,
Fire Shell,0,0,2,,,0,,,
Shock Nova,,,,,,0,,,
Shadowmask,,,,,,0,,,
Flame Tempest,,,,,,0,,,
Recall,3,0,3,,,0,,,
Silence,,,,,,0,,,
Shalidor's Beacon,3,0,3,,,0,,,
Mirage,0,3,3,,,0,,,
Dismiss,012,1,1,,,0,,,
Translimination,2,1,3,,,0,,,
Planar Anchor,2,1,3,,,0,,,
Oblivion's Edge,,,,,,0,,,
Divine Intervention: The Eight,0,4,3,,,0,,,
Divine Intervention: Kynareth,0,4,3,,,0,,,
Divine Intervention: Talos,0,4,3,,,0,,,
Divine Intervention: Dibella,0,4,3,,,0,,,
Divine Intervention: Mara,0,4,3,,,0,,,
Arkay's Law,,,,,,0,,,
Eclipse,,,,,,0,,,
Shalidor's Mirror,2,3,4,,,0,,,
Shroud,0,3,2,,,0,,,
The Unwelcome Guest,2,0,4,,,0,,,
Sanctuary,0,3,4,,,0,,,
Flames,,,,,,0,,,
Frostbite,,,,,,0,,,
Sparks,,,,,,0,,,
Soul Trap,3,1,1,,,0,,,
Candlelight,,,,,,0,,,
Oakflesh,,,,,,0,,,
Bound Sword,,,,,,0,,,
Raise Zombie,,,,,,0,,,
Conjure Spectral Wolf,,,,,,0,,,
Fury,,,,,,0,,,
Courage,,,,,,0,,,
Lesser Ward,,,,,,0,,,
Healing,,,,,,0,,,
Magelight,,,,,,0,,,
Stoneflesh,,,,,,0,,,
Ironflesh,,,,,,0,,,
Telekinesis,,,,,,0,,,
Waterbreathing,,,,,,0,,,
Detection,3,3,2,,,0,,,
Disable,,3,2,,,0,,,
Ebonyflesh,,,,,,0,,,
Greater Corrosion,,,,,,0,,,
Reanimate Corpse,,,,,,0,,,
Conjure Flame Atronach,,,,,,0,,,
Bound Battleaxe,,,,,,0,,,
Banish Greater Daedra,0,1,2,,,0,,,
Conjure Frost Atronach,,,,,,0,,,
Conjure Storm Atronach,,,,,,0,,,
Bound Bow,,,,,,0,,,
Revenant,,,,,,0,,,
Expel Daedra,0,1,3,,,0,,,
Dread Zombie,,,,,,0,,,
Annulment,0,1,4,,,0,,,
Dead Thrall,,,,,,0,,,
Conjure Flame Monarch,,,,,,0,,,
Conjure Frost Monarch,,,,,,0,,,
Conjure Storm Monarch,,,,,,0,,,
Firebolt,,,,,,0,,,
Ice Spike,,,,,,0,,,
Lightning Bolt,,,,,,0,,,
Fire Rune,,,,,,0,,,
Frost Rune,,,,,,0,,,
Lightning Rune,,,,,,0,,,
Flame Cloak,,,,,,0,,,
Frost Cloak,,,,,,0,,,
Lightning Cloak,,,,,,0,,,
Fireball,,,,,,0,,,
Ice Storm,,,,,,0,,,
Chain Lightning,,,,,,0,,,
Wall of Flames,,,,,,0,,,
Wall of Frost,,,,,,0,,,
Wall of Storms,,,,,,0,,,
Fire Storm,,,,,,0,,,Power of the Elements
Blizzard,,,,,,0,,,
Lightning Storm,,,,,,0,,,
Muffle,,,,,,0,,,
Calm,,,,,,0,,,
Fear,,,,,,0,,,
Rally,,,,,,0,,,
Frenzy,,,,,,0,,,
Invisibility,,,,,,0,,,
Pacify,,,,,,0,,,
Rout,,,,,,0,,,
Mayhem,,,,,,0,,,
Harmony,,,,,,0,,,
Call to Arms,,,,,,0,,,
Hysteria,,,,,,0,,,
Fast Healing,,,,,,0,,,
Healing Hands,,,,,,0,,,
Turn Lesser Undead,,,,,,0,,,
Steadfast Ward,,,,,,0,,,
Turn Undead,,,,,,0,,,
Greater Ward,,,,,,0,,,
Sunlight Rune,0,4,1,,,0,,,
Repel Undead,,,,,,0,,,
Mending,,,,,,0,,,
Purifying Light,2,4,3,,,0,,,
Turn Greater Undead,,,,,,0,,,
Conjure Flaming Familiar,,,,,,0,,,
Dragonhide,,,,,,0,,,
Mutagen,2,4,3,,,0,,,
Grand Telekinesis,,,,,,0,,,
Bane of the Undead,,,,,,0,,,
Equilibrium,3,0,3,,,0,,,
Heart of Dibella,,,,,,0,,,
Clairvoyance,,,,,,0,,,
Transmutation,3,0,2,,,0,,,
Close Wounds,,,,,,0,,,
Icy Spear,,,,,,0,,,
Incinerate,,,,,,0,,,
Thunderbolt,,,,,,0,,,
Conjure Dremora Lord,,,,,,0,,,
Vampire's Bane,,,,,,0,,,
Stendarr's Aura,,,,,,0,,,
Sunfire,,,,,,0,,,
Conjure Boneman,,,,,,0,,,
Conjure Mistman,,,,,,0,,,
Conjure Wrathman,,,,,,0,,,
Restoring Light,2,4,2,,,0,,,
Convalescence,,,,,,0,,,
Ashen Grip,1,0,1,,,0,,,
Whirlwind Cloak,2,0,2,,,0,,,
Ash Rune,1,0,2,,,0,,,
Frenzy Rune,,,,,,0,,,
Conjure Ash Guardian,1,1,3,,,0,,,
Bound Dagger,,,,,,0,,,
Poison Rune,,,,,,0,,,
Conjure Seeker,,,,,,0,,,
Conjure Ash Spawn,1,1,2,,,0,,,
Soul Harvest,3,1,2,,,0,,,
Transmute Ore,3,0,3,,,1,,,
Daedric Cure,01,1,2,,,0,,,
Oblivion's Embrace,012,1,2,,,1,,,
Bound Shield,3,1,1,,,0,,,
Burden Rune,2,0,3,,,0,,,
Dispel,3,0,1,,,0,,,
Touch of Death,,,,,,0,,,
Swordbreaker,0,0,4,,,0,,,
Leech Magicka,,,,,,0,,,
Siphon Spirit,,,,,,0,,,
Drain Magicka,,,,,,0,,,
Drain Stamina,,,,,,0,,,
Leech Life,,,,,,0,,,
Scion's Embrace,,,,,,0,,,
Vampiric Blast,,,,,,0,,,
Night Eye,3,3,1,,,0,,,
Cure Disease,2,4,2,,,0,,,
Dwemerbane,2,0,4,,,0,,,
Leech Stamina,,,,,,0,,,
Blood Lance,,,,,,0,,,
Vampiric Rune,,,,,,0,,,
Vampiric Grasp,,,,,,0,,,
Vampiric Bolt,,,,,,0,,,
Vampiric Touch,,,,,,0,,,
Detect Life,,,,,,0
Paralyze,,,,,,0
Symmetry,0,0,4,,,0
[Triumvirate - Mage Archetypes.esp],,,,,,,,,
Spirit Guardian,1,3,2,,,0,,,
Aura of Might,0,4,1,,,0,,,
Stave of Ferocity,0,0,1,,,0,,,
Stave of Binding,0,0,3,,,0,,,
Life Tap,2,3,3,,,0,,,
Iron Maiden,2,3,2,,,0,,,
Frailty,2,3,1,,,0,,,
Weaken,2,3,0,,,0,,,
Hurl Into Oblivion,,,,,,0,,,
Cloudkill,,,,,,0,,,
Witch Bolt,,,,,,0,,,
Balefire,,,,,,0,,,
Eldritch Blast,,,,,,0,,,
Sacred Hearth,13,0,4,,,0,,,
Spirit Fire,3,4,1,,,0,,,
Spirit Storm,3,4,3,,,0,,,
Visions of Opportunity,0,4,0,,,0,,,
Shield of Awe,0,4,4,,,0,,,
Reveal Secrets,3,3,2,,,0,,,
Draining Mist,,,,,,0,,,
Draining Shroud,,,,,,0,,,
Azra's Wrath,,,,,,0,,,
Draining Touch,,,,,,0,,,
Bramble Growth,23,4,3,,,0,,,
Impenetrable Grove,1,0,3,,,0,,,
Wildshape,0,0,2,,,0,,,
Force of Nature,0,0,1,,,0,,,
Druidcraft,1,0,0,,,0,,,
Obedience,,,,,,0,,,
Suggestion,,,,,,0,,,
Mass Immortality,,,,,,0,,,
Storm of Vengeance,,,,,,0,,,
Holy Shock,02,2,3,,,0,,,
Consecrated Ground,,,,,,0,,,
Holy Fire,,,,,,0,,,
Aid,01,4,0,,,0,,,
Solar Ray,,,,,,0,,,
Aura of Vigor,12,4,2,,,0,,,
Aura of Thorns,02,4,3,,,0,,,
Fissure,12,0,2,,,0,,,
Decrepify,,,,,,0,,,
Conjure Leviathan,2,1,4,,,0,,,
Conjure Magister,,,,,,0,,,
Conjure Ravagor,1,1,2,,,0,,,
Conjure Temple Grim,2,1,1,,,0,,,
Conjure Gremlin,2,1,0,,,0,,,
Create Water Totem,,,,,,0,,,
Create Tree Totem,,,,,,0,,,
Summon Wind Fylgja,,,,,,0,,,
Create Earth Totem,,,,,,0,,,
Summon Sun Fylgja,,,,,,0,,,
Possession,,,,,,0,,,
Spirit of the Sun,2,4,4,,,0,,,
Spirit of Thornbriar,3,4,2,,,0,,,
Parasitic Growth,,,,,,0,,,
Spirit of the Oak,1,4,0,,,0,,,
Call Hound of Hircine,02,1,4,,,0,,,
Call Snow Leopard,,,,,,0,,,
Call Gray Wolf,,,,,,0,,,
Call Rattlesnakes,,,,,,0,,,
Call Raven,,,,,,0,,,
Exodus,0,3,4,,,0,,,
Exile,0,3,1,,,0,,,
Shadow Stride,,,,,,0,,,
Eye of the All-Maker,3,0,0,,,0,,,
Nightfall,023,3,4,,,0,,,
Darkness,0,3,1,,,0,,,
Gather Shadows,02,3,0,,,0,,,
Nightblade,,,,,,0,,,
Night Gate,13,0,4,,,0,,,
Pull Through Shadows,23,0,3,,,0,,,
Shadow Dance,03,0,2,,,0,,,
Step Through Shadows,03,0,1,,,0,,,
Chase the Horizon,3,0,4,,,0,,,
Visions of Healing,3,4,2,,,0,,,
[Odin - Skyrim Magic Overhaul.esp],,,,,,,,,
Candlelight,,,,,,0,,,
Reanimate Lesser Corpse,,,,,,0,,,
Conjure Familiar,,,,,,0,,,
Fury,,,,,,0,,,
Courage,,,,,,0,,,
Lesser Ward,,,,,,0,,,
Healing,,,,,,0,,,
Magelight,,,,,,0,,,
Waterbreathing,,,,,,0,,,
Detect Life,,,,,,0,,,
Paralyze,,,,,,0,,,
Detect Dead,,,,,,0,,,
Reanimate Corpse,,,,,,0,,,
Conjure Flame Atronach,,,,,,0,,,
Banish Daedra,0,1,2,,,0,,,
Conjure Frost Atronach,,,,,,0,,,
Conjure Storm Atronach,,,,,,0,,,
Reanimate Greater Corpse,,,,,,0,,,
Command Daedra,0,1,3,,,0,,,
Dread Zombie,,,,,,0,,,
Expel Daedra,0,1,3,,,0,,,
Dead Thrall,,,,,,0,,,
Flame Thrall,,,,,,0,,,
Frost Thrall,,,,,,0,,,
Storm Thrall,,,,,,0,,,
Fireball,,,,,,0,,,
Chain Lightning,,,,,,0,,,
Wall of Flames,,,,,,0,,,
Wall of Frost,,,,,,0,,,
Wall of Storms,,,,,,0,,,
Fire Storm,,,,,,0,,,Power of the Elements
Blizzard,,,,,,0,,,
Lightning Storm,,,,,,0,,,
Muffle,,,,,,0,,,
Calm,,,,,,0,,,
Fear,,,,,,0,,,
Rally,,,,,,0,,,
Frenzy,,,,,,0,,,
Pacify,,,,,,0,,,
Rout,,,,,,0,,,
Mayhem,,,,,,0,,,
Harmony,,,,,,0,,,
Call to Arms,,,,,,0,,,
Hysteria,,,,,,0,,,
Fast Healing,,,,,,0,,,
Healing Hands,,,,,,0,,,
Steadfast Ward,,,,,,0,,,
Greater Ward,,,,,,0,,,
Black Hand,,,,,,0,,,
Toxic Cloud,,,,,,0,,,
Heal Other,,,,,,0,,,
Circle of Protection,,,,,,0,,,
Flaming Familiar,,,,,,1,,,
Grand Healing,,,,,,0,,,
Mass Paralysis,,,,,,0,,,
Bane of the Undead,,,,,,0,,,
Equilibrium,3,0,2,,,1,,,
Mara's Embrace,,,,,,0,,,
Clairvoyance,,,,,,0,,,
Transmute,3,0,2,,,1,,,
Balyna's Balm,,,,,,0,,,
Conjure Dremora Lord,,,,,,0,,,
Vampire's Bane,,,,,,0,,,
Conjure Boneman,12,1,1,,,1,,,
Conjure Mistman,12,1,2,,,1,,,
Conjure Wrathman,12,1,3,,,1,,,
Blood Gift,,,,,,0,,,
Blood Transfer,,,,,,0,,,
Ash Shell,12,,,,,0,,,
Ash Rune,12,,,,,0,,,
Frenzy Rune,,,,,,0,,,
Poison Rune,,,,,,0,,,
Conjure Seeker,,,,,,1,,,
Conjure Ash Spawn,12,1,2,,,0,,,
Entropic Armor,23,1,2,,,0,,,
Entropic Life,23,1,1,,,0,,,
Gonar's Greed,2,0,1,,,0,,,
Conjure Kyrkrim,02,1,4,,,0,,Apocalypse - Magic of Skyrim.esp,
Control Weather,3,0,4,,,0,,Apocalypse - Magic of Skyrim.esp,
Circle of Death,3,4,4,,,0,,Apocalypse - Magic of Skyrim.esp,
Enervate,3,4,3,,,1,,,
Slay Living,3,4,1,,,0,,Apocalypse - Magic of Skyrim.esp,
Shadow Weave,0,3,4,,,0,,,
Vanish,01,3,4,,,0,,Apocalypse - Magic of Skyrim.esp,
Ice Shards,,,,,,0,,,
Thundering Grasp,,,,,,0,,,
Lightning Grasp,,,,,,0,,,
Power of the Master,3,1,1,,,0,,Apocalypse - Magic of Skyrim.esp,
Milestones,3,0,4,,,0,,Apocalypse - Magic of Skyrim.esp,
Fabricate Object,1,0,3,,,0,,Apocalypse - Magic of Skyrim.esp,
Deep Storage,13,0,3,,,0,,Apocalypse - Magic of Skyrim.esp,
Reynos' Fins,,,,,,0,,Apocalypse - Magic of Skyrim.esp,
Conjure Gloom Wraith,,,,,,0,,,
Ocato's Spell Trigger,3,0,3,,,0,,Apocalypse - Magic of Skyrim.esp,
Feet of Notorgo,,,,,,0,,Apocalypse - Magic of Skyrim.esp,
Alarm,3,0,0,,,0,,Apocalypse - Magic of Skyrim.esp,
Viperblast,,,,,,1,,,
Expose Spirit,23,3,3,,,0,,,
Tevral's Sensor,3,3,1,,,1,,,
Expose Weakness,2,3,2,,,0,,,
Hush,3,3,1,,,0,,,
Stormhand,,,,,,0,,,
Frosthand,,,,,,0,,,
Firehand,,,,,,0,,,
Leaguestep,,,,,,0,,,
Haste Mount,,,,,,0,,,
Ease Burden,0,0,1,,,0,,,
Force Bolt,,,,,,1,,,
Dire Corrosion,,,,,,1,,,
Corrosion,,,,,,0,,,
Dire Vulnerability,,,,,,1,,,
Ekash's Locksplitter,2,0,3,,,0,,,
Latch Crack,2,0,1,,,0,,,
Resist Elements,,,,,,0,,,
Barricade,1,0,2,,,0,,,
Enfeeble,,,,,,1,,,
Purge Magic,3,3,3,,,0,,,
Dazzling Flash,1,0,3,,,1,,,
Vulnerability,,,,,,0,,,
Web,1,0,2,,,0,,,
Slowfall,2,0,1,,,0,,,
Alter Body,0,0,1,,,0,,,
Lightning Fury,,,,,,0,,,
Black Winter,,,,,,0,,,
Flame Tempest,,,,,,0,,,
Arctic Frost,,,,,,0,,,
Wildfire,,,,,,0,,,
Charged Storm,,,,,,0,,,
Flame Darts,,,,,,0,,,
Shockbloom,,,,,,0,,,
Frostbloom,,,,,,0,,,
Firebloom,,,,,,0,,,
Shocking Strikes,,,,,,0,,,
Freezing Strikes,,,,,,0,,,
Blazing Strikes,,,,,,0,,,
Arctic Blast,,,,,,0,,,
Taldam's Scorcher,,,,,,0,,,
Purifying Dawn,,,,,,0,,,
Sun Storm,,,,,,0,,,
Radiate Energies,12,4,3,,,1,,,
Splendor,1,4,4,,,0,,,
Poison Nova,,,,,,0,,,
Accelerated Decay,13,4,3,,,0,,,
Shield of Sanctuary,,,,,,0,,,
Rilm's Cure,,,,,,0,,,
Strength Leech,3,4,3,,,0,,,
Energy Leech,3,4,3,,,0,,,
Hallowed Strikes,0,4,2,,,0,,,
Poison Strikes,3,4,2,,,0,,,
Shield of Daybreak,,,,,,0,,,
Viperbolt,,,,,,0,,,
Troll's Blood,,,,,,0,,,
Spider Touch,,,,,,0,,,
Death Howl,2,3,4,,,0,,,
Dirge,2,3,3,,,0,,,
Discordant Wail,2,3,2,,,0,,,
Greater Simulacrum,2,3,2,,,0,,,
Mindfire,12,3,2,,,2,,,
Command Rune,,,,,,0,,,
Fear Rune,,,,,,0,,,
Calming Rune,,,,,,0,,,
Crying Eye,0,3,0,,,0,,,
Cloak Other,,,,,,0,,,
Mute,3,3,2,,,0,,,
Wizard Rend,23,3,3,,,0,,,
Captivate,1,3,2,,,0,,,
Shadow Legion,2,3,3,,,0,,,
Simulacrum,2,3,1,,,0,,,
Propaganda,,,,,,0,,,
Dominate,,,,,,0,,,
Command,,,,,,0,,,
Exhume Wolf,1,1,1,,,1,,,
Conjure Dread Shade,,,,,,0,,,
Soul Cloak,3,1,3,,,0,,Apocalypse - Magic of Skyrim.esp,
Soul Harvest,3,1,2,,,0,,,
Conjure Ursine Familiar,,,,,,0,,,
Conjure Feline Familiar,,,,,,0,,,
Daedric Thrall,,,,,,0,,,
Conjure Houndmaster,,,,,,0,,,
Conjure Daedroth,,,,,,0,,,
Conjure Clannfear,,,,,,0,,,
Entropic Power,23,1,3,,,0,,,
Conjure Sanctified Wraith,,,,,,1,,,
Orc Strength,0,0,2,,,0,,,
[ForgottenMagic_Redone.esp],,,,,,,,,
Void Bolt,,,,,,0,,,
Seed of Life,,,,,,0,,,
Arcane Weapon,,,,,,0,,,
Phantom Armor,0,0,2,,,0,,,
Summon Deathguard,,,,,,0,,,
Salamander Touch,,,,,,0,,,
Fire Blast,,,,,,0,,,
Holy Bolt,02,4,2,,,0,,,
Electric Charge,2,2,2,,,0,,,
Healing Touch,2,4,1,,,0,,,
Blessed Weapon,3,1,2,,,0,,,
Conflagrate,,,,,,0,,,
Phantom Shroud,0,3,2,,,0,,,
Earthbound Weapon,,,,,,0,,,
Ice Lance,,,,,,0,,,
Spectral Missiles,2,3,2,,,0,,,
Doppelganger,2,3,1,,,0,,,
Phoenix Strike,0,2,2,,,0,,,
Deathly Pall,0,0,1,,,0,,,
Divine Light,,,,,,0,,,
Veil of Nature,0,0,2,,,0,,,
Discord,,,,,,0,,,
Cursed Rune,2,3,1,,,0,,,
Hammer of Justice,,,,,,0,,,
Divine Armor,0,0,2,,,0,,,
Meteor Shower,,,,,,0,,,
Lightning Strike,,,,,,0,,,
Wild Mushrooms,2,1,2,,,0,,,
Necrosis,,,,,,0,,,
Frost Bomb,,,,,,0,,,
Skyfall,,,,,,0,,,
Wolf Pack,,,,,,0,,,
Stormstrike,,,,,,0,,,
Frost Armor,,,,,,0,,,
Storm Armor,0,0,2,,,0,,,
Blight Curse,,,,,,0,,,
Winter Woe,,,,,,0,,,
Summon Ancient Lich,,,,,,0,,,
Glacial Fortress,1,0,3,,,0,,,
Nether Rift,13,0,2,,,0,,,
Stormgate,13,0,2,,,0,,,
[Voidgate.esp],,,,,,,,,
Conjure Voidgate,2,1,0,,,0,,,
[Requiem.esp],,,,,,,,,
Firesparks,0,2,0,,,0,,,
Icewind,1,2,0,,,0,,,
Lightning Sparks,2,2,0,,,0,,,
Soul Trap (Rank I),3,1,1,,,0,,,
Candlelight,1,0,0,,,0,,,
Mage Armor on Self (Rank I),0,0,0,,,0,,,
Bound Sword,3,1,0,,,0,,,
Raise Dead (Rank I),1,1,0,,,0,,,
Summon Spirit Wolf,2,1,0,,,0,,,
Enraging Orb,1,3,1,,,0,,,
Lionheart,2,3,0,,,0,,,
Arcane Ward (Rank II),1,4,1,,,0,,,
Heal Self (Rank I),2,4,0,,,0,,,
Magelight,1,0,1,,,0,,,
Mage Armor on Self (Rank II),0,0,1,,,0,,,
Mage Armor on Self (Rank III),0,0,2,,,0,,,
Telekinetic Hand,2,0,2,,,0,,,
Transmute: Water,3,0,2,,,0,,,
Detect Life,3,0,2,,,0,,,
Paralyze (Rank I),2,0,3,,,0,,,
Mage Armor on Self (Rank IV),0,0,3,,,0,,,
Detect Death,3,0,3,,,0,,,
Raise Dead (Rank II),1,1,1,,,0,,,
Bound Axe,3,1,1,,,0,,,
Banish Daedra (Rank I),0,1,2,,,0,,,
Summon Frost Atronach,0,1,2,,,0,,,
Summon Storm Atronach,0,1,3,,,0,,,
Bound Bow,3,1,2,,,0,,,
Raise Dead (Rank III),1,1,2,,,0,,,
Command Daedra,0,1,3,,,0,,,
Raise Dead (Rank IV),1,1,3,,,0,,,
Banish Daedra (Rank II),0,1,3,,,0,,,
Raise Dead (Rank V),1,1,4,,,0,,,
Summon Flame Thrall,0,1,4,,,0,,,
Summon Frost Thrall,0,1,4,,,0,,,
Summon Storm Thrall,0,1,4,,,0,,,
Firebolt,0,2,1,,,0,,,
Icy Shard,1,2,1,,,0,,,
Lightning Bolt,2,2,1,,,0,,,
Firerune (Rank I),0,2,1,,,0,,,
Icerune (Rank I),1,2,1,,,0,,,
Lightning Rune (Rank I),2,2,1,,,0,,,
Flame Cloak,0,2,2,,,0,,,
Frost Cloak,1,2,2,,,0,,,
Lightning Cloak,2,2,2,,,0,,,
Fireball,0,2,2,,,0,,,
Icesphere,1,2,2,,,0,,,
Lightning Shackles,2,2,2,,,0,,,
Firewall,0,2,3,,,0,,,
Icewall,1,2,3,,,0,,,
Lightning Wall,2,2,3,,,0,,,
Firestorm,0,2,4,,,0,,,
Icestorm,1,2,4,,,0,,,
Lightning Vortex,2,2,4,,,0,,,
Muffle,0,3,1,,,0,,,
Charming Touch,1,3,0,,,0,,,
Fear,1,3,0,,,0,,,
Courage (Rank II),1,3,2,,,0,,,
Enraging Rune,1,3,2,,,0,,,
Invisibility,0,3,1,,,0,,,
Harmony (Rank II),1,3,3,,,0,,,
Frightening Sphere,1,3,2,,,0,,,
Veil of Shadows,0,3,4,,,0,,,
Phantasmal Miasma,2,3,4,,,0,,,
Mind Maelstrom,1,3,4,,,0,,,
Shadow Sanctuary,0,3,4,,,0,,,
Heal Self (Rank II),2,4,1,,,0,,,
Healing Hands (Rank I),2,4,1,,,0,,,
Turn Undead (Rank I),0,4,1,,,0,,,
Arcane Ward (Rank III),1,4,2,,,0,,,
Turn Undead (Rank II),0,4,2,,,0,,,
Arcane Ward (Rank IV),1,4,3,,,0,,,
Repel Undead (Rank I),0,4,2,,,0,,,
Repel Undead (Rank II),0,4,3,,,0,,,
Healing Hands (Rank II),2,4,2,,,0,,,
Circle of Protection,0,4,3,,,0,,,
Turn Undead (Rank III),0,4,3,,,0,,,
Spectral Arrow,3,1,2,,,0,,,
Summon Flaming Familiar,2,1,-1,,,2,,,
Mage Armor on Self (Rank V),0,0,4,,,0,,,
Healing Hands (Rank III),2,4,3,,,0,,,
Paralyze (Rank II),2,0,4,,,0,,,
Repel Undead (Rank III),0,4,4,,,0,,,
Transmute: Blood,3,0,0,,,1,,,
Circle of Palladium,0,4,4,,,0,,,
Clairvoyance,3,3,0,,,0,,,
Knock (Rank I),2,0,1,,,0,,,
Heal Self (Rank III),2,4,2,,,0,,,
Icy Lance,1,2,3,,,0,,,
Incinerate,0,2,3,,,0,,,
Lightning Strike,2,2,3,,,0,,,
Summon Dremora Lord,0,1,4,,,0,,,
Necromantic Empowerment on Self,1,1,2,,,0,,,
Necromantic Empowerment on Target,1,1,1,,,0,,,
Soulcairn Summoning (Rank III),,,,,,2,,,
Soulcairn Summoning (Rank II),,,,,,2,,,
Soulcairn Summoning (Rank I),,,,,,2,,,
Sunfire,0,4,1,,,0,,,
Sunfire Cloak,,4,,,,2,,,
Sunburst,,,,,,2,,,
Polymorph,3,0,3,,,0,,,
Knock (Rank III),,,,,,2,,,
Knock (Rank II),2,0,2,,,0,,,
Mage Armor on Target (Rank III),0,0,4,,,0,,,
Mage Armor on Target (Rank II),0,0,3,,,0,,,
Mage Armor on Target (Rank I),0,0,2,,,0,,,
Summon Spectral Warhound,2,1,1,,,0,,,
Powerful Healing Aura on Target,2,4,3,,,0,,,
Powerful Healing Aura on Self,2,4,3,,,0,,,
Teleport Vitals,1,1,3,,,0,,,
Mistress of the Dark,2,3,4,,,0,,,
Veil of Silence,0,3,3,,,0,,,
Fog of Shadows,0,3,3,,,0,,,
Shadow Stride,0,3,2,,,0,,,
Shadow Shield,2,3,2,,,0,,,
Hibernation Spray,1,3,2,,,0,,,
Rune of Dampening,0,3,1,,,0,,,
Hibernation Touch,1,3,1,,,0,,,
Blur,2,3,1,,,0,,,
Arcane Mending,,,,,,2,,,
Absorbing Grasp,0,0,0,,,0,,,
Arcane Disjunction (Rank II),3,4,3,,,0,,,
Arcane Disjunction (Rank I),3,4,2,,,0,,,
Summon Skeletal Hero,1,1,1,,,0,,,
Summon Skeletal Warlock,1,1,1,,,0,,,
Summon Skeletal Archer,1,1,1,,,0,,,
Summon Skeletal Soldier,1,1,0,,,0,,,
Shadow Simulacrum,2,3,3,,,0,,,
Phantasmal Pain,1,3,2,,,0,,,
Arcane Ward (Rank I),1,4,0,,,0,,,
Muffling Sphere,0,3,3,,,0,,,
Transmute Muscles on Target,0,0,2,,,0,,,
Dispel Soul Gems,2,4,1,,,0,,,
Venomous Grasp,3,2,2,,,0,,,
Lightning Grasp,2,2,2,,,0,,,
Icy Grasp,1,2,2,,,0,,,
Fiery Grasp,0,2,2,,,0,,,
Blackout,1,3,3,,,0,,,
Summon Ghostly Dragonpriest,2,1,4,,,0,,,
Summon Spectral Warrior,2,1,2,,,0,,,
Summon Spectral Archer,2,1,2,,,0,,,
Summon Ice Spirit,2,1,3,,,0,,,
Summon Dremora Archmage,0,1,4,,,0,,,
Summon Dremora Archer,0,1,4,,,0,,,
Summon Spirit Sabrecat,2,1,3,,,0,,,
Summon Spirit Mudcrab,2,1,1,,,0,,,
Summon Spirit Troll,2,1,2,,,0,,,
Summon Spirit Werewolf,2,1,4,,,0,,,
Telekinetic Grab,2,0,4,,,0,,,
Transmute Muscles on Self,0,0,1,,,0,,,
Protection from Poison on Target,1,4,1,,,0,,,
Protection from Poison on Self,1,4,1,,,0,,,
Phantasmal Killer,2,3,3,,,0,,,
Nightmare,1,3,2,,,0,,,
Arcane Resonance,12,3,1,,,0,,,
Darkvision,3,3,0,,,0,,,
Invisibility Sphere,0,3,3,,,0,,,
Summon Spirit Bear,2,1,2,,,0,,,
Venomous Shock,3,2,4,,,0,,,
Venomous Spray,3,2,2,,,0,,,
Venomous Blast,3,2,3,,,0,,,
Venomous Storm,3,2,4,,,0,,,
Arcane Missile,3,2,2,,,0,,,
Arcane Volley,3,2,4,,,0,,,
Arcane Vortex,3,2,4,,,0,,,
Firenova,0,2,3,,,0,,,
Fireshock,0,2,3,,,0,,,
Firestrike,0,2,4,,,0,,,
Iceshock,1,2,3,,,0,,,
Snow Spume,1,2,2,,,0,,,
Steam Cloud,1,2,2,,,0,,,
Lightning Cascade,2,2,4,,,0,,,
Lightning Ray,2,2,3,,,0,,,
Lightning Jolt,2,2,1,,,0,,,
Absorb Magicka,0,0,3,,,0,,,
Absorb Stamina,0,0,2,,,0,,,
Absorb Health,0,0,2,,,0,,,
Absorb Essence,0,0,4,,,0,,,
Detect Aura,3,0,4,,,0,,,
Featherfalling,3,0,1,,,0,,,
Lightning Speed,3,0,4,,,0,,,
Transmute: Corpus,3,0,4,,,0,,,
Transcendance on Target,3,0,4,,,0,,,
Transcendance on Self,3,0,4,,,0,,,
Telekinetic Execution,2,0,4,,,0,,,
Telekinetic Nova,2,0,3,,,0,,,
Telekinetic Blast,2,0,4,,,0,,,
Telekinetic Disarray,2,0,3,,,0,,,
Healing Ray,2,4,2,,,0,,,
Healing Aura on Target,2,4,0,,,0,,,
Healing Aura on Self,2,4,0,,,0,,,
Dispel on Target,2,4,4,,,0,,,
Teleport,2,1,4,,,0,,,
Dispel on Self,2,4,2,,,0,,,
Summon Swarm (Rank II),0,1,1,,,0,,,
Summon Swarm (Rank I),0,1,0,,,0,,,
Mark & Recall,,,,,,2,,,
Shalidor's Mirror,,,,,,2,,,
Summon Spirit Steed,2,1,4,,,0,,,
Summon Flame Atronach,0,1,2,,,0
[Unofficial Skyrim Special Edition Patch.esp],,,,,,,,,
Conjure Ash Guardian,1,1,3,,,0,,,
Bound Dagger,,,,,,0,,,
Conjure Seeker,,,,,,0,,,
Conjure Ash Spawn,,,,,,0,,,
[BSAssets.esm],,,,,,,,,
Open Master Lock,2,0,4,,,0,,,
Open Apprentice Lock,2,0,1,,,0,,,
Open Expert Lock,2,0,3,,,0,,,
[BSHeartland.esm],,,,,,,,,
Trap Detect,3,3,1,,,0,,,
Absorb Health Cloak,,,,,,0,,,
Force Rune,2,0,3,,,0,,,
[Gray Fox Cowl.esm],,,,,,,,,
Unlock Container,2,0,0,,,0,,,
Ancient Vision,3,3,0,,,1,,,
[Wyrmstooth.esp],,,,,,,,,
Ease Burden,0,0,1,,,0,,,
Call of the Dead,3,0,3,,,0,,,
Call of the Wild,3,0,3,,,0,,,
Cure Poison,2,4,2,,,0,,,
Night Eye,3,3,1,,,0,,,
Cure Disease,2,4,3,,,0,,,
Transmogrify,1,3,3,,,0,,,
[DBM_RelicNotifications.esp],,,,,,,,,
Transfer Relics,3,1,0,,,0,,,
Summon Relic Storage Container,3,1,0,,,0,,,
[Dwemertech - Magic of the Dwarves.esp],,,,,,,,,
Cloudbreaker,,,,,,0,,,
Redesign,3,4,4,,,0,,,
Scan,0,4,0,,,0,,,
Bloodstar,,,,,,0,,,
Bombing Run,,,,,,0,,,
Compression Blast,,,,,,0,,,
Beam Drones,,,,,,0,,,
Bthan Anum,,,,,,0,,,
Radio Bomb,,,,,,0,,,
Purefire Blast,,,,,,0,,,
Remote Cast Mine,1,0,4,,,0,,,
Energy Core,,,,,,0,,,
Blowout Mine,3,2,3,,,0,,,
Auto Lob,,,,,,0,,,
Laser Mine,,,,,,0,,,
Arc Bombs,,,,,,0,,,
Talon Shot,,,,,,0,,,
Rain Mine,,,,,,0,,,
Flak Burst,,,,,,0,,,
Primordial Blast,,,,,,0,,,
Portal Network,1,0,4,,,0,,,
Subjugate,2,0,3,,,0,,,
Rocket Jockey,2,0,3,,,0,,,
Portal Passage,1,0,2,,,0,,,
Phase Lock,3,0,2,,,0,,,
Inertial Slingshot,3,0,2,,,0,,,
Shelter,3,0,1,,,0,,,
Sever the Link,3,0,1,,,0,,,
Nailed to the Sky,2,0,4,,,0,,,
Dwarven Centurion Meld,3,0,4,,,0,,,
Galvanize,0,0,1,,,0,,,
Dahrk's Disintegration,2,0,3,,,0,,,
Aetheric Wall,1,0,2,,,0,,,
Detect Treasure,3,0,1,,,0,,,
Percussive Maintenance,0,0,0,,,0,,,
[ArtifactsOfBoethiah.esp],,,,,,,,,
Sirilonwe's Ritual,,,,,,2,,,
[CollegeOfWinterholdImmersive.esp],,,,,,,,,
Temporal Shift,,,,,,2,,,
[Complete Alchemy & Cooking Overhaul.esp],,,,,,,,,
xCACO_aaDebugSpell,,,,,,2,,,
[Odin - Ordinator Compatibility Patch.esp],,,,,,,,,
Dread Zombie,1,1,3,,,0,,,
Dead Thrall,1,1,4,,,0,,,
[Wintersun - Faiths of Skyrim.esp],,,,,,,,,
Holy Fire,,,,,,2,,,
Divine Intervention,,,,,,2,,,
[Forgotten Magic - Ordinator Compatibility Patch.esp],,,,,,,,,
Fire Blast,0,2,1,,,0,,,
Conflagrate,0,2,2,,,0,,,
Ice Lance,1,2,1,,,0,,,
Divine Light,2,4,1,,,0,,,
Lightning Strike,2,2,2,,,0,,,
Frost Bomb,1,2,2,,,0,,,
[Adamant.esp],,,,,,,,,
Sparks,2,2,0,,,0,,,
Raise Zombie,1,1,0,,,0,,,
Healing,2,4,0,,,0,,,
Reanimate Corpse,1,1,1,,,0,,,
Conjure Flame Atronach,0,1,1,,,0,,,
Conjure Frost Atronach,0,1,2,,,0,,,
Conjure Storm Atronach,0,1,3,,,0,,,
Revenant,1,1,2,,,0,,,
Dread Zombie,1,1,3,,,0,,,
Dead Thrall,1,1,4,,,0,,,
Conjure Flame Monarch,0,1,4,,,0,,,
Conjure Frost Monarch,0,1,4,,,0,,,
Conjure Storm Monarch,0,1,4,,,0,,,
Lightning Storm,2,2,4,,,0,,,
Fast Healing,2,4,1,,,0,,,
Healing Hands,2,4,1,,,0,,,
Turn Lesser Undead,0,4,0,,,0,,,
Turn Undead,0,4,1,,,0,,,
Repel Undead,0,4,2,,,0,,,
Mending,2,4,2,,,0,,,
Purifying Light,2,4,3,,,0,,,
Mutagen,2,4,3,,,0,,,
Bane of the Undead,0,4,4,,,0,,,
Heart of Dibella,2,4,4,,,0,,,
Close Wounds,2,4,2,,,0,,,
Convalescence,2,4,3,,,0,,,
Restoring Light,2,4,2,,,0,,,
Sunfire,0,4,1,,,0,,,
Stendarr's Aura,0,4,2,,,0,,,
Vampire's Bane,0,4,2,,,0,,,
Lightning Shield,0,0,4,,,0,,,
Flame Shield,0,0,4,,,0,,,
Ice Shield,0,0,4,,,0,,,
Daybreak,0,4,4,,,0,,,
Arkay's Light,2,4,4,,,0,,,
Wall of Sunlight,0,4,3,,,0,,,
Shock Shell,0,0,2,,,0,,,
Sunbeam,0,4,0,,,0,,,
Venom Shield,0,0,4,,,0,,,
Radiant Sunbeam,0,4,2,,,0,,,
Regeneration,2,4,1,,,0,,,
Poison Shell,0,0,2,,,0,,,
Eclipse,0,4,4,,,0,,,
Reflective Light,0,4,4,,,0,,,
Solar Flare,0,4,4,,,0,,,
Tears of Mara,2,4,4,,,0,,,
Sunlight Surge,0,4,2,,,1,,,
Grand Healing,2,4,3,,,0,,,
Rapid Regeneration,2,4,2,,,0,,,
Mercy of Stendarr,2,4,4,,,0,,,
Healing Light,2,4,1,,,0,,,
Frost Shell,0,0,2,,,0,,,
Charged Nova,1,4,4,,,0,,,
Sunburst,0,4,3,,,0,,,
Radiant Grasp,0,4,3,,,0,,,
Sunlight Touch,0,4,1,,,0,,,
Greater Sparks,2,2,2,,,0,,,
Grand Repulsion,0,4,3,,,0,,,
Fire Shell,0,0,2,,,0,,,
[Transmutation Concentration.esp],,,,,,,,,
Transmute Mineral Ore,0,0,2,,,0,,,
[IHarvest.esl],,,,,,,,,
Harvest,3,0,1,,,0,,,
[Aura.esp],,,,,,,,,
Aura - Turn Undead,0,4,1,,,0,,,
Aura - Resist Shock,0,0,1,,,0,,,
Aura - Light,3,0,0,,,0,,,
Aura - Resist Fire,0,0,1,,,0,,,
Aura - Strength,0,4,2,,,0,,,
Aura - Resist Magic,0,0,1,,,0,,,
Aura - Healing,2,4,2,,,0,,,
Aura - Armor,0,0,1,,,0,,,
Aura - Resist Frost,0,0,1,,,0,,,
Aura - Burn Undead,0,4,2,,,0,,,
Aura - Fortify Health,0,4,2,,,0,,,
[SimplePaladin.esp],,,,,,,,,
Spell: Sun Flare,0,4,0,,,0,,,
Spell: Greater Ward Armor,,,,,,0,,,
Spell: Steadfast Ward Armor,,,,,,0,,,
Spell: Lesser Ward Armor,,,,,,0,,,
Spell: Stendarr's Aura,0,4,2,,,0,,,
Spell: Repel Undead,,,,,,0,,,
Spell: Repel Lesser Undead,,,,,,0,,,
Spell: Sun Burst,0,4,2,,,0,,,
Spell: Heal Other,,,,,,0,,,
Spell: Guardian Circle,,,,,,0,,,
Spell: Grand Healing,,,,,,0,,,
Spell: Flash Heal,,,,,,0,,,
Spell: Flash Heal Other,,,,,,0,,,
Spell: Heal,,,,,,0,,,
Spell: Circle of Protection,,,,,,0,,,
Spell: Greater Sun Fire,,,,,,0,,,
Spell: Turn Undead,,,,,,0,,,
Spell: Turn Lesser Undead,,,,,,0,,,
Spell: Turn Greater Undead,,,,,,0,,,
Spell: Sun Fire,0,4,1,,,0,,,
[Predator Vision.esp],,,,,,,,,
Dark Sight,0,0,2,,,0,,,
Predator,0,0,3,,,0,,,
Dark Vision,0,0,0,,,0,,,
Predator Vision,0,0,2,,,0,,,
[Sneak Tools.esp],,,,,,,,,
Shadow's Refuge,3,0,0,,,0,,,
[DSerArcheryGameplayOverhaul.esp],,,,,,,,,
Enchant Arrow - Magic,3,2,0,,,0,,,
Enchant Arrow - Shock,2,2,0,,,0,,,
Enchant Arrow - Frost,1,2,0,,,0,,,
Enchant Arrow - Fire,0,2,0,,,0,,,
[Mining For Mages Redux.esp],,,,,,,,,
Liquefaction,3,0,1,,,0,,,
Electro-mining,2,2,1,,,0,,,
[Complete Crafting Overhaul_Remastered.esp],,,,,,,,,
Upgrade Leveled Items,3,0,0,,,2,,,
[ccbgssse014-spellpack01.esl],,,,,,,,,
Touch of Death,,,,,,0,,,
Hangman's Noose,,,,,,0,,,
Strangulation,,,,,,0,,,
Choking Grasp,,,,,,0,,,
[ccvsvsse003-necroarts.esl],,,,,,,,,
Banish Undead,0,1,2,,,0,,,
Soul Split,1,1,1,,,0,,,
Necromancer's Ritual,1,1,2,,,0,,,
[DHSpell.esp],,,,,,,,,
Singularity,,,,,,1,,,
[Colorful_Magic_SE.esp],,,,,,,,,
Whirlwind Cloak,2,2,2,,,0,,,
Oblivion's Embrace,012,1,2,,,1,,,
Daedric Cure,01,1,2,,,0,,,
Wrath of Warrior,,,,,,2,,,
Fall Control,3,0,1,,,0,,,
Deep Mist,0,3,4,,,1,,,
Berserk,2,3,1,,,1,,,
Kamehameha,,,,,,0,,,
Summon Thor,,,,,,2,,,
Barrier of Flame King,,,,,,2,,,
Freezing Wave,,,,,,2,,,
Summon Valkyrie,,,,,,2,,,
Summon Bloody Valkyrie,,,,,,2,,,
Infinite Summon,0,1,4,,,0,,,
Triple Summon,0,1,3,,,0,,,
Twin Summon,0,1,2,,,0,,,
Holy Ray,0,4,0,,,0,,,
Magic Mirror,1,4,1,,,0,,,
Rage of Thor,2,2,4,,,1,,,
Ragnarok,0,2,4,,,1,,,
Elemental Storm,2,2,4,,,0,,,
Energy Stream,,,,,,0,,,
Soul Absorption,,,,,,1,,,
Absorption,3,2,4,,,1,,,
Dragslave,2,2,3,,,0,,,
Paralysis poison,3,2,3,,,0,,,
Dark Flame,2,3,4,,,0,,,
Mist of Death,,,,,,1,,,
Blade of Avenger,3,2,2,,,1,,,
Paralyze,3,3,2,,,1,,,
Throw Dagger,3,1,0,,,1,,,
Magnus Flash,,,,,,1,,,
Imact Ball,,,,,,1,,,
Poison Bullet,3,2,3,,,1,,,
Absorb Magicka,,,,,,1,,,
Magicka Conversion,3,0,1,,,0,,,
Undress Wind,3,2,2,,,0
Summon Phantom of Dragonborn,,,,,,2,,,
Colorful Magic,,,,,,1,,,
Evil Dragon Aspect,,,,,,2,,,
Chaos Storm,0,2,4,,,1,,,
Energy Drain,,,,,,0,,,
Wind Barrage,,,,,,0,,,
Wind Rune,,,,,,0,,,
Vortex,,,,,,0,,,
Ultra Magic Oil,,,,,,1,,,
Tornado,,,,,,0,,,
Slow Time,3,0,2,,,0,,,
Meteor,0,2,2,,,0,,,
Freeze Time,3,0,4,,,0,,,
Earth Spike,,,,,,0,,,
Banishment,0,1,4,,,0,,,
TentcleHell,3,2,4,,,0,,,
Lightning Teleportation,2,0,2,,,0,,,
Stone Barrage,,,,,,0,,,
Super Magic Oil,,,,,,0,,,
Soul Crash,3,1,2,,,0,,,
SandStorm,,,,,,1,,,
Cloud of dust,,,,,,0,,,
Poison Bomb,3,2,2,,,0
Magic Bullet Barrage,,,,,,0,,,
Energy blast,,,,,,0,,,
Magicka Rune,,,,,,0,,,
Grimoire Protection,2,0,2,,,1,,,
Blood Scale,,,,,,2,,,
Ash barrage,,,,,,0,,,
Ash bullet,,,,,,0,,,
Ash Blast,,,,,,0,,,
Acid Surge,3,2,2,,,0
Acid Bomb,3,2,2,,,0
Earth Rune,,,,,,0,,,
Sky Spear,,,,,,0,,,
Blood Fountain,,,,,,1,,,
Blood Bullet,,,,,,0,,,
Wrath of Earth,,,,,,0,,,
Vampire Bats instigate,,,,,,0,,,
Vampire Bat Cloak,,,,,,0,,,
Lightning Rock Blast,,,,,,0,,,
Spell ReinForce,0,0,2,,,0,,,
Celestial Star,,,,,,0,,,
Holy Cross,0,4,2,,,0,,,
Summon PoisonTree,1,1,4,,,1,,,
Poison Blow,,2,2,,,0
Tree Prison,0,2,2,,,0
Might ReinForce,0,0,2,,,0,,,
Magic Bullet,,,,,,0,,,
Hydro Stream,,,,,,0,,,
Ether Strike,,,,,,0,,,
Elemental Rune,,,,,,0,,,
Earth Grave,,,,,,0,,,
Freezing Rock Blast,1,2,3,,,0,,,
Burning Rock Blast,0,2,3,,,0,,,
Blood Burst,,,,,,1,,,
Blood Rune,,,,,,0,,,
Meteor Shower,,,,,,0,,,
Comet,,,,,,0,,,
Blade Storm,,,,,,0,,,
Apocalypse,,,,,,0,,,
Over Load,,,,,,2,,,
Become Ethereal,3,0,3,,,0,,,
Magicka Plunder,3,1,2,,,0,,,
Soul Taker,3,1,2,,,0,,,
Soul Breaker,3,1,4,,,0,,,
Gale Cloak,,,,,,1,,,
Air Blast,,,,,,0,,,
Whirlwind,,,,,,0,,,
Cutting Wind,,,,,,0,,,
Boulder Smash,,,,,,0,,,
Rock Blast,,,,,,0,,,
Poison Mist,3,2,2,,,0
Absolute Barrier,1,4,4,,,1
Spell Reflection,2,0,4,,,1
Spell Counter,2,0,3,,,0
Revenge,0,0,2,,,0
Bubble,0,0,2,,,0
Magicka Ravage,,,,,,0
The false moon,3,1,2,,,0
Ferocious tentacle,3,2,2,,,0
Poison Enchant,,,,,,0
Great Wind Enchant,,,,,,0
Lightning Whip,2,2,2,,,0
Water Protection,0,0,2,,,0
Dragon Fist,2,0,2,,,0
Vampiric Grip,2,0,3,,,0
Mora's Tentacle,3,2,2,,,0
Great Darkness Enchant,3,3,3,,,0
Great Holy Enchant,0,4,3,,,0
Whisper of Despair,1,3,3,,,0
Numbness,0,3,1,,,0
Blood Enchant,,,,,,0
Magic Oil,0,2,0,,,0
Magic Barrier,1,4,2,,,0
Emit Force,0,4,2,,,0
Dark Hail,,,,,,0
Dark Orb,,,,,,0
Magic Enchant,,,,,,0
Blue Fire Enchant,0,2,3,,,0
Wrath of the Gods,0,4,3,,,0
Wind Enchant,,,,,,0
Force,0,4,1,,,0
Bound Dragon Breaker,,,,,,0
Nature Rune,3,2,3,,,0
Guard ReinForce,0,0,2,,,0
Darkness Enchant,3,3,2,,,0
[StendarrSpellPack.esp],,,,,,,,,
Sunlight Annihilation,0,4,2,,,0,,,
Stendarr's Favor,0,0,2,,,0,,,
Stendarr's Fury,0,4,2,,,0,,,
Stendarr's Beckoning,0,4,2,,,0,,,
[mihailhealingorb.esp],,,,,,,,,
Cast Grand Healing Orb,2,4,4,,,0,,,
[mihailsummonlifedraincrystal.esp],,,,,,,,,
Conjure Soul Cairn Drainlife Crystal,1,1,4,,,0,,,
[BallsOfMagic.esp],,,,,,,,,
Conjure Healing Sprite,2,1,0,,,0,,,
Conjure Weakness Sprite,2,1,0,,,0,,,
Conjure Magika Sprite,2,1,0,,,0,,,
Conjure Protection Sprite,2,1,0,,,0,,,
[Elemental Destruction.esp],,,,,,,,,
Aetherial Circle,2,4,3,,,0,,,
Bound Wall,1,0,2,,,0,,,
Exile,0,1,3,,,0,,,
Bend Time,3,0,3,,,0,,,
Sacrifice Minion,0,1,3,,,0,,,
Destabilizing Rune,2,0,2,,,0,,,
Umbra Shroud,0,3,4,,,0,,,
Cowardly Decoy,2,3,1,,,0,,,
Decoy,2,3,2,,,0,,,
Telekinetic Push,2,0,1,,,0,,,
Feather Fall,3,0,1,,,0,,,
Flood,1,2,2,,,0,,,
Air Blast,2,2,2,,,0,,,
Avalanche,0,2,2,,,0,,,
Earthquake,0,2,4,,,0,,,
Cyclone,2,2,4,,,0,,,
Tempest,2,2,3,,,0,,,
Wall of Wind,2,2,3,,,0,,,
Wall of Earth,0,2,3,,,0,,,
Tornado,2,2,2,,,0,,,
Whirlwind Cloak,2,2,2,,,0,,,
Wind Rune,2,2,1,,,0,,,
Zephyr,2,2,1,,,0,,,
Gust,2,2,0,,,0,,,
Boulder,0,2,3,,,0,,,
Earth Rune,0,2,1,,,0,,,
Rock Blast,0,2,1,,,0,,,
Rock Cloak,0,2,2,,,0,,,
Gravel,0,2,0,,,0,,,
Tidal Wave,1,2,4,,,0,,,
Wall of Water,1,2,3,,,0,,,
Rain Cloak,1,2,2,,,0,,,
Geyser,1,2,2,,,0,,,
Rapids,1,2,0,,,0,,,
Stalagmite,0,2,2,,,0,,,
[Elemental Destruction Magic Redux.esp],,,,,,,,,
Aetherial Circle,2,4,3,,,0,,,
Bound Wall,1,0,2,,,0,,,
Exile,0,1,3,,,0,,,
Bend Time,3,0,3,,,0,,,
Sacrifice Minion,0,1,3,,,0,,,
Destabilizing Rune,2,0,2,,,0,,,
Umbra Shroud,0,3,4,,,0,,,
Cowardly Decoy,2,3,1,,,0,,,
Decoy,2,3,2,,,0,,,
Telekinetic Push,2,0,1,,,0,,,
Feather Fall,3,0,1,,,0,,,
Flood,1,2,2,,,0,,,
Air Blast,2,2,2,,,0,,,
Avalanche,0,2,2,,,0,,,
Earthquake,0,2,4,,,0,,,
Cyclone,2,2,4,,,0,,,
Tempest,2,2,3,,,0,,,
Wall of Wind,2,2,3,,,0,,,
Wall of Earth,0,2,3,,,0,,,
Tornado,2,2,2,,,0,,,
Whirlwind Cloak,2,2,2,,,0,,,
Wind Rune,2,2,1,,,0,,,
Zephyr,2,2,1,,,0,,,
Gust,2,2,0,,,0,,,
Boulder,0,2,3,,,0,,,
Earth Rune,0,2,1,,,0,,,
Rock Blast,0,2,1,,,0,,,
Rock Cloak,0,2,2,,,0,,,
Gravel,0,2,0,,,0,,,
Tidal Wave,1,2,4,,,0,,,
Wall of Water,1,2,3,,,0,,,
Rain Cloak,1,2,2,,,0,,,
Geyser,1,2,2,,,0,,,
Rapids,1,2,0,,,0,,,
Stalagmite,0,2,2,,,0,,,
[Astral.esp],,,,,,,,,
Astral Blitz,,,,,,1,,,
Astral Bite,,,,,,0,,,
Astral Rune,,,,,,0,,,
Astral Strike,,,,,,0,,,
Astral Wind,0,0,1,,,0,,,
[ShadowSpellPackage.esp],,,,,,,,,
Dark Sun,0,3,4,,,0,,,
Drain Soul,,,,,,0,,,
Choke,,,,,,0,,,
Conjure Darkness,0,3,2,,,0,,,
Withering Aura,0,0,4,,,0,,,
Hex Rune,,,,,,0,,,
Shadowform,0,0,2,,,0,,,
Consuming Shadows,,,,,,0,,,
Curse of Fragility,0,0,2,,,0,,,
Curse of Exhaustion,0,0,1,,,0,,,
Sear,,,,,,0,,,
Shadow Rend,,,,,,0,,,
Life Tap,3,0,1,,,0
Shadowbolt,,,,,,0,,,
Crushing Darkness,,,,,,0,,,
Creeping Terror,,,,,,0,,,
